Workbook

Sheet Sheet1
A1: 401.3307 | B1: 422.9236 | C1: 410.69215 | D1: 402.67127 | E1: 398.87507 | F1: 361.0851 | G1: 306.19942 | H1: 404.46069 | I1: 426.21937 | J1: 413.89006 | K1: 405.80424 | L1: 401.97603 | M1: 363.89005 | N1: 308.57613 | O1: 407.59762 | P1: 429.52244 | Q1: 417.09505 | R1: 408.94414 | S1: 405.08386 | T1: 366.70121 | U1: 310.95809 | V1: 410.74148 | W1: 432.83281 | X1: 420.30712 | Y1: 412.09097 | Z1: 408.19854 | AA1: 369.51856 | AB1: 313.34531 | AC1: 413.89227 | AD1: 436.15047 | AE1: 423.52627 | AF1: 415.24473 | AG1: 411.34548 | AH1: 372.38806 | AI1: 315.79616 | AJ1: 417.15271 | AK1: 439.61062 | AL1: 426.90988 | AM1: 418.58529 | AN1: 414.65193 | AO1: 375.37888 | AP1: 318.33036 | AQ1: 420.49751 | AR1: 443.13257 | AS1: 430.32725 | AT1: 421.93326 | AU1: 417.96571 | AV1: 378.37633 | AW1: 320.87018 | AX1: 423.84972 | AY1: 446.66232 | AZ1: 433.7522 | BA1: 425.28865 | BB1: 421.28682 | BC1: 381.3804 | BD1: 323.41561 | BE1: 427.20933 | BF1: 450.19988 | BG1: 437.1847 | BH1: 428.65144 | BI1: 424.61526 | BJ1: 383.36358 | BK1: 324.22557 | BL1: 427.12979 | BM1: 448.90703 | BN1: 434.75734 | BO1: 425.12459 | BP1: 419.98767 | BQ1: 379.17728 | BR1: 320.67803 | BS1: 422.44703 | BT1: 443.97572 | BU1: 429.97195 | BV1: 420.43589 | BW1: 415.34636 | BX1: 374.97858 | BY1: 317.11998 | BZ1: 417.7504 | CA1: 439.02981 | CB1: 425.1724 | CC1: 415.73332 | CD1: 410.69133 | CE1: 370.76748 | CF1: 313.55143 | CG1: 413.03991 | CH1: 434.06932 | CI1: 420.3587 | CJ1: 411.01688 | CK1: 406.02258 | CL1: 366.54396 | CM1: 309.97236 | CN1: 408.31555 | CO1: 431.93372 | CP1: 421.04049 | CQ1: 414.38219 | CR1: 412.02265 | CS1: 374.38498 | CT1: 318.66094 | CU1: 422.48128 | CV1: 446.85039 | CW1: 435.51489 | CX1: 428.56327 | CY1: 426.05951 | CZ1: 387.08247 | DA1: 329.42034 | DB1: 436.68282 | DC1: 461.80478 | DD1: 450.02587 | DE1: 442.78016 | DF1: 440.13182 | DG1: 399.812 | DH1: 340.20688 | DI1: 450.92018 | DJ1: 476.79686 | DK1: 464.57342 | DL1: 457.03288 | DM1: 454.23957 | DN1: 412.57359 | DO1: 351.02058 | DP1: 465.19337 | DQ1: 491.82665 | DR1: 479.15754 | DS1: 472.77241 | DT1: 471.25474 | DU1: 429.26346 | DV1: 366.26269 | DW1: 486.76278 | DX1: 516.0669 | DY1: 504.16067 | DZ1: 497.26892 | EA1: 495.50222 | EB1: 451.19735 | EC1: 384.84874 | ED1: 511.29495 | EE1: 541.89962 | EF1: 529.2275 | EG1: 521.82783 | EH1: 519.81143 | EI1: 473.18706 | EJ1: 403.48207 | EK1: 535.88951 | EL1: 567.79801 | EM1: 554.35805 | EN1: 546.44914 | EO1: 544.18239 | EP1: 495.2326 | EQ1: 422.1627 | ER1: 560.54647 | ES1: 593.76209 | ET1: 579.55231 | EU1: 571.13284 | EV1: 568.61508 | EW1: 517.33397 | EX1: 440.38086 | EY1: 583.92039 | EZ1: 617.66708 | FA1: 602.06173 | FB1: 592.51347 | FC1: 589.11272 | FD1: 535.2739 | FE1: 455.58247 | FF1: 603.98523 | FG1: 638.79551 | FH1: 622.56362 | FI1: 612.5998 | FJ1: 608.9947 | FK1: 553.25871 | FL1: 470.82208 | FM1: 624.10022 | FN1: 659.97672 | FO1: 643.11671 | FP1: 632.73628 | FQ1: 628.92631 | FR1: 571.28838 | FS1: 486.09971 | FT1: 644.26536 | FU1: 681.21072 | FV1: 663.72101 | FW1: 652.92291 | FX1: 648.90754 | FY1: 589.36292 | FZ1: 501.41534 | GA1: 664.48065 | GB1: 699.58259 | GC1: 678.7205 | GD1: 664.84908 | GE1: 657.97218 | GF1: 595.08473 | GG1: 504.16485 | GH1: 665.34032 | GI1: 700.48751 | GJ1: 679.59828 | GK1: 665.70875 | GL1: 658.82281 | GM1: 595.85391 | GN1: 504.81639 | GO1: 666.19999 | GP1: 701.39243 | GQ1: 680.47605 | GR1: 666.56843 | GS1: 659.67343 | GT1: 596.6231 | GU1: 505.46793 | GV1: 667.05967 | GW1: 702.29735 | GX1: 681.35382 | GY1: 667.4281 | GZ1: 660.52406 | HA1: 597.39228 | HB1: 506.11948 | HC1: 667.91934 | HD1: 703.20227 | HE1: 682.2316 | HF1: 668.28778 | HG1: 660.23176 | HH1: 596.09408 | HI1: 504.14375 | HJ1: 664.15612 | HK1: 698.02331 | HL1: 676.02644 | HM1: 661.05292 | HN1: 653.07012 | HO1: 589.61548 | HP1: 498.65374 | HQ1: 656.90938 | HR1: 690.39204 | HS1: 668.62107 | HT1: 653.79727 | HU1: 645.88791 | HV1: 583.11826 | HW1: 493.14796 | HX1: 649.64185 | HY1: 682.73888 | HZ1: 661.19447 | IA1: 646.52083 | IB1: 638.68511 | IC1: 576.60244 | ID1: 487.62643 | IE1: 642.35352 | IF1: 675.06382 | IG1: 653.74663 | IH1: 639.22358 | II1: 631.46174 | IJ1: 570.06801 | IK1: 482.08913 | IL1: 634.2054 | IM1: 665.60027 | IN1: 643.70668 | IO1: 628.54777 | IP1: 620.064 | IQ1: 559.00684 | IR1: 472.08017 | IS1: 620.99402 | IT1: 651.68816 | IU1: 630.20671 | IV1: 615.32103 | IW1: 606.97143 | IX1: 547.16324 | IY1: 462.04406 | IZ1: 607.74682 | JA1: 637.73835 | JB1: 616.67017 | JC1: 602.05848 | JD1: 593.84342 | JE1: 535.28759 | JF1: 451.9808 | JG1: 594.46379 | JH1: 623.75084 | JI1: 603.09705 | JJ1: 588.7601 | JK1: 580.67996 | JL1: 523.37988 | JM1: 441.8904 | JN1: 581.14495 | JO1: 609.72561 | JP1: 588.75854 | JQ1: 573.99805 | JR1: 565.36144 | JS1: 508.88409 | JT1: 429.06596 | JU1: 563.50361 | JV1: 590.39739 | JW1: 570.00308 | JX1: 555.62237 | JY1: 547.17233 | JZ1: 492.43029 | KA1: 415.12337 | KB1: 545.10019 | KC1: 571.01808 | KD1: 551.19807 | KE1: 537.19816 | KF1: 528.9352 | KG1: 475.93306 | KH1: 401.14399 | KI1: 526.64825 | KJ1: 551.58768 | KK1: 532.34351 | KL1: 518.72542 | KM1: 510.65005 | KN1: 459.39241 | KO1: 387.12784 | KP1: 508.14778 | KQ1: 532.1062 | KR1: 513.4394 | KS1: 500.20415 | KT1: 492.31688 | KU1: 445.62261 | KV1: 377.84345 | KW1: 499.03824 | KX1: 525.8244 | KY1: 510.55518 | KZ1: 500.52351 | LA1: 495.74501 | LB1: 448.72342 | LC1: 380.4708 | LD1: 502.50591 | LE1: 529.47566 | LF1: 514.09794 | LG1: 503.99424 | LH1: 499.18022 | LI1: 451.83065 | LJ1: 383.10358 | LK1: 505.98074 | LL1: 533.13445 | LM1: 517.64802 | LN1: 507.47214 | LO1: 502.62252 | LP1: 454.94429 | LQ1: 385.74179 | LR1: 509.46273 | LS1: 536.80078 | LT1: 521.20541 | LU1: 510.95721 | LV1: 506.07192 | LW1: 458.06434 | LX1: 388.38543 | LY1: 509.78949 | LZ1: 533.81578 | MA1: 515.0797 | MB1: 501.79302 | MC1: 493.87159 | MD1: 444.19844 | ME1: 374.23904 | MF1: 491.11718 | MG1: 514.15342 | MH1: 496.00013 | MI1: 483.09991 | MJ1: 475.36839 | MK1: 427.46062 | ML1: 360.05587 | MM1: 472.39634 | MN1: 494.43998 | MO1: 476.87101 | MP1: 464.35827 | MQ1: 456.81718 | MR1: 410.67938 | MS1: 345.83592 | MT1: 453.62698 | MU1: 474.67545 | MV1: 457.69234 | MW1: 445.56811 | MX1: 438.21794 | MY1: 393.85472 | MZ1: 331.57919 | NA1: 457.69377 | NB1: 432.11685
A2: 366.93385 | B2: 386.32003 | C2: 374.80208 | D2: 367.14438 | E2: 363.34914 | F2: 328.62318 | G2: 278.41636 | H2: 367.42509 | I2: 386.83712 | J2: 375.30367 | K2: 367.63562 | L2: 363.83521 | M2: 329.06272 | N2: 278.78867 | O2: 367.91633 | P2: 387.35422 | Q2: 375.80525 | R2: 368.12687 | S2: 364.32128 | T2: 329.50225 | U2: 279.16098 | V2: 368.40758 | W2: 387.87132 | X2: 376.30683 | Y2: 368.61811 | Z2: 364.80736 | AA2: 329.94178 | AB2: 279.53329 | AC2: 368.89882 | AD2: 388.38842 | AE2: 376.80842 | AF2: 369.10935 | AG2: 365.68706 | AH2: 331.09334 | AI2: 280.81046 | AJ2: 370.98226 | AK2: 391.00091 | AL2: 379.74951 | AM2: 372.38853 | AN2: 368.93277 | AO2: 334.02924 | AP2: 283.29814 | AQ2: 374.26567 | AR2: 394.45825 | AS2: 383.10421 | AT2: 375.67512 | AU2: 372.18581 | AV2: 336.97177 | AW2: 285.79144 | AX2: 377.5565 | AY2: 397.92339 | AZ2: 386.46647 | BA2: 378.96912 | BB2: 375.44618 | BC2: 339.92092 | BD2: 288.29035 | BE2: 380.85473 | BF2: 401.39633 | BG2: 389.83631 | BH2: 382.27053 | BI2: 378.71389 | BJ2: 342.18399 | BK2: 289.6211 | BL2: 381.83682 | BM2: 401.61533 | BN2: 389.2581 | BO2: 380.92961 | BP2: 376.62033 | BQ2: 340.28998 | BR2: 288.01601 | BS2: 379.71802 | BT2: 399.38396 | BU2: 387.09266 | BV2: 378.80784 | BW2: 374.5199 | BX2: 338.38978 | BY2: 286.40568 | BZ2: 377.59228 | CA2: 397.1453 | CB2: 384.92015 | CC2: 376.67912 | CD2: 372.41262 | CE2: 336.48337 | CF2: 284.79009 | CG2: 375.45961 | CH2: 394.89934 | CI2: 382.74055 | CJ2: 374.54348 | CK2: 370.29848 | CL2: 334.57076 | CM2: 283.16924 | CN2: 373.32 | CO2: 394.27055 | CP2: 383.70594 | CQ2: 377.03238 | CR2: 374.28892 | CS2: 339.56113 | CT2: 288.56744 | CU2: 381.98836 | CV2: 403.39837 | CW2: 392.56307 | CX2: 385.70995 | CY2: 382.87819 | CZ2: 347.33077 | DA2: 295.15111 | DB2: 390.67822 | DC2: 412.54882 | DD2: 401.44214 | DE2: 394.40902 | DF2: 391.48873 | DG2: 355.11963 | DH2: 301.75107 | DI2: 399.38956 | DJ2: 421.72189 | DK2: 410.34315 | DL2: 403.12958 | DM2: 400.12053 | DN2: 362.92773 | DO2: 308.36731 | DP2: 408.1224 | DQ2: 430.91759 | DR2: 419.26611 | DS2: 414.10492 | DT2: 413.19398 | DU2: 376.75192 | DV2: 321.77404 | DW2: 428.05153 | DX2: 454.25407 | DY2: 444.19106 | DZ2: 438.52486 | EA2: 437.36569 | EB2: 398.6173 | EC2: 340.30205 | ED2: 452.50713 | EE2: 480.00619 | EF2: 469.17971 | EG2: 463.0072 | EH2: 461.59914 | EI2: 420.5385 | EJ2: 358.87736 | EK2: 477.02512 | EL2: 505.82399 | EM2: 494.23208 | EN2: 487.55194 | EO2: 485.89433 | EP2: 442.51553 | EQ2: 377.49995 | ER2: 501.60551 | ES2: 531.70746 | ET2: 519.34815 | EU2: 512.15907 | EV2: 510.25126 | EW2: 464.54838 | EX2: 395.66007 | EY2: 524.90285 | EZ2: 555.53183 | FA2: 541.77937 | FB2: 533.4631 | FC2: 530.6731 | FD2: 482.41978 | FE2: 410.80362 | FF2: 544.89108 | FG2: 576.57962 | FH2: 562.20304 | FI2: 553.47282 | FJ2: 550.47929 | FK2: 500.33604 | FL2: 425.98517 | FM2: 564.92947 | FN2: 597.6802 | FO2: 582.67791 | FP2: 573.5327 | FQ2: 570.33509 | FR2: 518.29716 | FS2: 441.20474 | FT2: 585.018 | FU2: 618.83356 | FV2: 603.20399 | FW2: 593.64272 | FX2: 590.24052 | FY2: 536.30316 | FZ2: 456.46231 | GA2: 605.15668 | GB2: 636.31878 | GC2: 616.56133 | GD2: 603.19433 | GE2: 596.19713 | GF2: 538.5284 | GG2: 455.66863 | GH2: 600.57391 | GI2: 631.49273 | GJ2: 611.87804 | GK2: 598.60562 | GL2: 591.65475 | GM2: 534.41917 | GN2: 452.18636 | GO2: 595.97727 | GP2: 626.65208 | GQ2: 607.18058 | GR2: 594.00304 | GS2: 587.09866 | GT2: 530.29752 | GU2: 448.69359 | GV2: 591.36677 | GW2: 621.79683 | GX2: 602.46897 | GY2: 589.38659 | GZ2: 582.52885 | HA2: 526.16348 | HB2: 445.1903 | HC2: 586.7424 | HD2: 616.92699 | HE2: 597.7432 | HF2: 584.75628 | HG2: 578.3263 | HH2: 522.70615 | HI2: 442.55227 | HJ2: 583.64514 | HK2: 614.07053 | HL2: 595.36427 | HM2: 582.8103 | HN2: 576.39982 | HO2: 520.96324 | HP2: 441.07517 | HQ2: 581.6952 | HR2: 612.01691 | HS2: 593.37126 | HT2: 580.85739 | HU2: 574.46649 | HV2: 519.21412 | HW2: 439.59282 | HX2: 579.73832 | HY2: 609.956 | HZ2: 591.37116 | IA2: 578.89754 | IB2: 572.52629 | IC2: 517.4588 | ID2: 438.10521 | IE2: 577.77451 | IF2: 607.88779 | IG2: 589.36399 | IH2: 576.93076 | II2: 570.57923 | IJ2: 515.69728 | IK2: 436.61234 | IL2: 574.59047 | IM2: 603.25749 | IN2: 583.63183 | IO2: 570.10117 | IP2: 562.61826 | IQ2: 507.41007 | IR2: 428.67027 | IS2: 564.10724 | IT2: 592.21821 | IU2: 572.91955 | IV2: 559.60566 | IW2: 552.22918 | IX2: 498.01203 | IY2: 420.70647 | IZ2: 553.59536 | JA2: 581.14876 | JB2: 562.178 | JC2: 549.0815 | JD2: 541.81175 | JE2: 488.58835 | JF2: 412.72095 | JG2: 543.05483 | JH2: 570.04915 | JI2: 551.4072 | JJ2: 538.52868 | JK2: 531.36597 | JL2: 479.13903 | JM2: 404.71372 | JN2: 532.48563 | JO2: 558.91938 | JP2: 539.46751 | JQ2: 525.71454 | JR2: 517.57748 | JS2: 465.66732 | JT2: 392.45215 | JU2: 515.18492 | JV2: 539.52636 | JW2: 520.64921 | JX2: 507.27731 | JY2: 499.32747 | JZ2: 449.15845 | KA2: 378.46291 | KB2: 496.71996 | KC2: 520.08226 | KD2: 501.78135 | KE2: 488.79155 | KF2: 481.02943 | KG2: 432.60615 | KH2: 364.43689 | KI2: 478.20647 | KJ2: 500.58708 | KK2: 482.86395 | KL2: 470.25726 | KM2: 462.68338 | KN2: 416.01043 | KO2: 350.37408 | KP2: 459.64445 | KQ2: 481.04081 | KR2: 463.89699 | KS2: 451.67444 | KT2: 444.28931 | KU2: 402.18558 | KV2: 341.04309 | KW2: 450.47343 | KX2: 474.69432 | KY2: 460.95005 | KZ2: 451.93239 | LA2: 447.6567 | LB2: 405.23147 | LC2: 343.62391 | LD2: 453.87972 | LE2: 478.28096 | LF2: 464.43013 | LG2: 455.34174 | LH2: 451.03118 | LI2: 408.28378 | LJ2: 346.21017 | LK2: 457.29316 | LL2: 481.87514 | LM2: 467.91753 | LN2: 458.75826 | LO2: 454.41274 | LP2: 411.34249 | LQ2: 348.80186 | LR2: 460.71377 | LS2: 485.47686 | LT2: 471.41225 | LU2: 462.18194 | LV2: 457.8014 | LW2: 414.40761 | LX2: 351.39898 | LY2: 461.37278 | LZ2: 483.2561 | MA2: 466.43007 | MB2: 454.53177 | MC2: 447.48921 | MD2: 402.60192 | ME2: 339.29667 | MF2: 445.39853 | MG2: 466.43484 | MH2: 450.10738 | MI2: 438.53968 | MJ2: 431.65958 | MK2: 388.28257 | ML2: 327.16285 | MM2: 429.38267 | MN2: 449.56979 | MO2: 433.74221 | MP2: 422.506 | MQ2: 415.7888 | MR2: 373.92602 | MS2: 314.99749 | MT2: 413.32522 | MU2: 432.66095 | MV2: 417.33458 | MW2: 406.43073 | MX2: 399.87685 | MY2: 359.53224 | MZ2: 302.80061 | NA2: 418.13282 | NB2: 394.92292
A3: 344.00322 | B3: 362.56735 | C3: 352.13541 | D3: 345.31092 | E3: 342.10766 | F3: 309.74307 | G3: 262.70139 | H3: 347.0565 | I3: 365.78237 | J3: 355.25499 | K3: 348.36717 | L3: 345.13272 | M3: 312.47938 | N3: 265.01996 | O3: 350.11671 | P3: 369.00469 | Q3: 358.38164 | R3: 351.43035 | S3: 348.16464 | T3: 315.22189 | U3: 267.34378 | V3: 353.18386 | W3: 372.2343 | X3: 361.51538 | Y3: 354.50047 | Z3: 351.20342 | AA3: 317.97061 | AB3: 269.67286 | AC3: 356.25793 | AD3: 375.47121 | AE3: 364.6562 | AF3: 357.57752 | AG3: 353.48717 | AH3: 319.3474 | AI3: 270.25582 | AJ3: 356.25724 | AK3: 374.65979 | AL3: 363.08243 | AM3: 355.26545 | AN3: 351.1984 | AO3: 317.27681 | AP3: 268.50111 | AQ3: 353.94094 | AR3: 372.22046 | AS3: 360.71521 | AT3: 352.94597 | AU3: 348.90229 | AV3: 315.1996 | AW3: 266.74078 | AX3: 351.61723 | AY3: 369.77333 | AZ3: 358.34041 | BA3: 350.61908 | BB3: 346.59884 | BC3: 313.11575 | BD3: 264.97484 | BE3: 349.28611 | BF3: 367.3184 | BG3: 355.95805 | BH3: 348.28478 | BI3: 344.28807 | BJ3: 311.38318 | BK3: 263.80974 | BL3: 348.14808 | BM3: 366.54092 | BN3: 355.61187 | BO3: 348.34546 | BP3: 344.74376 | BQ3: 311.79525 | BR3: 264.15878 | BS3: 348.60862 | BT3: 367.0257 | BU3: 356.0821 | BV3: 348.806 | BW3: 345.19945 | BX3: 312.20731 | BY3: 264.50782 | BZ3: 349.06916 | CA3: 367.51048 | CB3: 356.55234 | CC3: 349.26654 | CD3: 345.65514 | CE3: 312.61937 | CF3: 264.85686 | CG3: 349.5297 | CH3: 367.99526 | CI3: 357.02257 | CJ3: 349.72708 | CK3: 346.11084 | CL3: 313.03143 | CM3: 265.2059 | CN3: 349.99024 | CO3: 370.11772 | CP3: 360.67052 | CQ3: 354.85678 | CR3: 352.72771 | CS3: 320.4089 | CT3: 272.6364 | CU3: 361.35369 | CV3: 382.08356 | CW3: 372.28157 | CX3: 366.23252 | CY3: 363.98775 | CZ3: 330.59452 | DA3: 281.26732 | DB3: 372.7458 | DC3: 394.07956 | DD3: 383.92187 | DE3: 377.63691 | DF3: 375.27615 | DG3: 340.80577 | DH3: 289.91996 | DI3: 384.16657 | DJ3: 406.10573 | DK3: 395.59143 | DL3: 389.06995 | DM3: 386.59289 | DN3: 351.04266 | DO3: 298.59431 | DP3: 395.61599 | DQ3: 418.16206 | DR3: 407.29025 | DS3: 401.61676 | DT3: 400.08577 | DU3: 364.21895 | DV3: 310.58182 | DW3: 412.52367 | DX3: 437.10828 | DY3: 426.78271 | DZ3: 420.71425 | EA3: 418.98909 | EB3: 381.31857 | EC3: 325.07146 | ED3: 431.64888 | EE3: 457.24739 | EF3: 446.32471 | EG3: 439.86026 | EH3: 437.94042 | EI3: 398.46162 | EJ3: 339.59789 | EK3: 450.82262 | EL3: 477.43757 | EM3: 465.91627 | EN3: 459.0548 | EO3: 456.93978 | EP3: 415.64809 | EQ3: 354.16109 | ER3: 470.0449 | ES3: 497.67884 | ET3: 485.55738 | EU3: 478.29787 | EV3: 475.98715 | EW3: 432.87798 | EX3: 368.82841 | EY3: 489.4934 | EZ3: 518.25183 | FA3: 505.61106 | FB3: 498.03398 | FC3: 495.61043 | FD3: 450.7083 | FE3: 383.93716 | FF3: 509.43573 | FG3: 539.2513 | FH3: 525.98786 | FI3: 517.9978 | FJ3: 515.37119 | FK3: 468.58349 | FL3: 399.08393 | FM3: 529.42821 | FN3: 560.30355 | FO3: 546.41587 | FP3: 538.01177 | FQ3: 535.18158 | FR3: 486.50355 | FS3: 414.2687 | FT3: 549.47084 | FU3: 581.40859 | FV3: 566.89507 | FW3: 558.07589 | FX3: 555.04159 | FY3: 504.46847 | FZ3: 429.49148 | GA3: 569.56361 | GB3: 599.24846 | GC3: 580.98744 | GD3: 568.73046 | GE3: 562.46875 | GF3: 508.3665 | GG3: 430.40542 | GH3: 567.61761 | GI3: 597.19899 | GJ3: 578.99845 | GK3: 566.78149 | GL3: 560.53931 | GM3: 506.62091 | GN3: 428.92605 | GO3: 565.66468 | GP3: 595.14223 | GQ3: 577.00238 | GR3: 564.82558 | GS3: 558.60302 | GT3: 504.86911 | GU3: 427.44143 | GV3: 563.70481 | GW3: 593.07817 | GX3: 574.99923 | GY3: 562.86274 | GZ3: 556.65986 | HA3: 503.11112 | HB3: 425.95155 | HC3: 561.73801 | HD3: 591.00681 | HE3: 572.989 | HF3: 560.89297 | HG3: 554.70984 | HH3: 501.34692 | HI3: 424.45642 | HJ3: 559.76428 | HK3: 588.92816 | HL3: 570.97169 | HM3: 558.91627 | HN3: 552.75297 | HO3: 499.57651 | HP3: 422.95603 | HQ3: 557.78361 | HR3: 586.8422 | HS3: 568.9473 | HT3: 556.93263 | HU3: 550.78923 | HV3: 497.79991 | HW3: 421.45039 | HX3: 555.79601 | HY3: 584.74895 | HZ3: 566.91584 | IA3: 554.94206 | IB3: 548.81863 | IC3: 496.0171 | ID3: 419.9395 | IE3: 553.80148 | IF3: 582.6484 | IG3: 564.87729 | IH3: 552.94456 | II3: 546.84118 | IJ3: 494.22809 | IK3: 418.42335 | IL3: 550.5867 | IM3: 577.98574 | IN3: 559.11374 | IO3: 546.0842 | IP3: 538.84976 | IQ3: 485.91334 | IR3: 410.45794 | IS3: 540.07269 | IT3: 566.91405 | IU3: 548.37002 | IV3: 535.55791 | IW3: 528.43022 | IX3: 476.48775 | IY3: 402.47081 | IZ3: 529.53002 | JA3: 555.81219 | JB3: 537.59704 | JC3: 525.00296 | JD3: 517.98232 | JE3: 467.03652 | JF3: 394.46196 | JG3: 518.95869 | JH3: 544.68017 | JI3: 526.7948 | JJ3: 514.41935 | JK3: 507.50607 | JL3: 457.55966 | JM3: 386.43139 | JN3: 508.35871 | JO3: 533.51799 | JP3: 514.82367 | JQ3: 501.57441 | JR3: 493.6871 | JS3: 444.06037 | JT3: 374.14646 | JU3: 491.02717 | JV3: 514.09251 | JW3: 495.97387 | JX3: 483.10633 | JY3: 475.40656 | JZ3: 427.5239 | KA3: 360.13384 | KB3: 472.53136 | KC3: 494.61594 | KD3: 477.07452 | KE3: 464.58973 | KF3: 457.078 | KG3: 410.944 | KH3: 346.08443 | KI3: 453.98702 | KJ3: 475.08828 | KK3: 458.12561 | KL3: 446.02459 | KM3: 438.70143 | KN3: 394.32068 | KO3: 331.99825 | KP3: 435.39415 | KQ3: 455.50954 | KR3: 439.12716 | KS3: 427.41092 | KT3: 420.27684 | KU3: 380.46825 | KV3: 322.64391 | KW3: 426.19236 | KX3: 449.13068 | KY3: 436.14884 | KZ3: 427.63817 | LA3: 423.61387 | LB3: 383.48669 | LC3: 325.20148 | LD3: 429.56796 | LE3: 452.68502 | LF3: 439.5976 | LG3: 431.01684 | LH3: 426.95798 | LI3: 386.51154 | LJ3: 327.76449 | LK3: 432.95072 | LL3: 456.24691 | LM3: 443.05367 | LN3: 434.40267 | LO3: 430.30919 | LP3: 389.54281 | LQ3: 330.33292 | LR3: 436.34065 | LS3: 459.81633 | LT3: 446.51706 | LU3: 437.79567 | LV3: 433.66749 | LW3: 392.58048 | LX3: 332.90679 | LY3: 436.96896 | LZ3: 457.56323 | MA3: 441.50349 | MB3: 430.11474 | MC3: 423.32484 | MD3: 380.74722 | ME3: 320.78112 | MF3: 420.96388 | MG3: 440.70952 | MH3: 425.14933 | MI3: 414.09183 | MJ3: 407.46471 | MK3: 366.40029 | ML3: 308.62393 | MM3: 404.9172 | MN3: 423.81202 | MO3: 408.75269 | MP3: 398.02732 | MQ3: 391.56343 | MR3: 352.01615 | MS3: 296.43521 | MT3: 388.82892 | MU3: 406.87074 | MV3: 392.31357 | MW3: 381.92121 | MX3: 375.62098 | MY3: 337.5948 | MZ3: 284.21497 | NA3: 392.31479 | NB3: 370.39139
A4: 332.5391 | B4: 350.88699 | C4: 341.18112 | D4: 334.95056 | E4: 332.22069 | F4: 301.13229 | G4: 255.68683 | H4: 338.16981 | I4: 356.81613 | J4: 346.93441 | K4: 340.58721 | L4: 337.79996 | M4: 306.17915 | N4: 259.96332 | O4: 343.81438 | P4: 362.75987 | Q4: 352.70186 | R4: 346.23772 | S4: 343.39296 | T4: 311.23842 | U4: 264.25032 | V4: 349.47281 | W4: 368.7182 | X4: 358.48347 | Y4: 351.9021 | Z4: 348.99967 | AA4: 316.31009 | AB4: 268.54783 | AC4: 355.14512 | AD4: 374.69113 | AE4: 364.27923 | AF4: 357.58035 | AG4: 353.09633 | AH4: 318.63789 | AI4: 269.35308 | AJ4: 354.66784 | AK4: 372.56732 | AL4: 360.64576 | AM4: 352.48028 | AN4: 348.04785 | AO4: 314.07088 | AP4: 265.48295 | AQ4: 349.5593 | AR4: 367.18768 | AS4: 355.42535 | AT4: 347.36539 | AU4: 342.98471 | AV4: 309.49061 | AW4: 261.60158 | AX4: 344.43594 | AY4: 361.79244 | AZ4: 350.18981 | BA4: 342.23568 | BB4: 337.9069 | BC4: 304.89708 | BD4: 257.70899 | BE4: 339.29776 | BF4: 356.3816 | BG4: 344.93913 | BH4: 337.09114 | BI4: 332.81442 | BJ4: 301.00611 | BK4: 255.01809 | BL4: 336.5458 | BM4: 354.32568 | BN4: 343.76084 | BO4: 336.73659 | BP4: 333.25492 | BQ4: 301.40444 | BR4: 255.35549 | BS4: 336.99098 | BT4: 354.7943 | BU4: 344.21541 | BV4: 337.18178 | BW4: 333.69543 | BX4: 301.80277 | BY4: 255.6929 | BZ4: 337.43617 | CA4: 355.26292 | CB4: 344.66997 | CC4: 337.62697 | CD4: 334.13593 | CE4: 302.20109 | CF4: 256.0303 | CG4: 337.88136 | CH4: 355.73154 | CI4: 345.12453 | CJ4: 338.07216 | CK4: 334.57643 | CL4: 302.59942 | CM4: 256.36771 | CN4: 338.32655 | CO4: 357.83786 | CP4: 348.75683 | CQ4: 343.18655 | CR4: 341.17816 | CS4: 309.96321 | CT4: 263.78664 | CU4: 349.67474 | CV4: 369.78763 | CW4: 360.35228 | CX4: 354.54702 | CY4: 352.4231 | CZ4: 320.13517 | DA4: 272.40598 | DB4: 361.05158 | DC4: 381.76756 | DD4: 371.977 | DE4: 365.93614 | DF4: 363.69639 | DG4: 330.33276 | DH4: 281.04705 | DI4: 372.45708 | DJ4: 393.77766 | DK4: 383.63097 | DL4: 377.35392 | DM4: 374.99803 | DN4: 340.556 | DO4: 289.70983 | DP4: 383.89123 | DQ4: 405.81792 | DR4: 395.3142 | DS4: 390.264 | DT4: 389.22505 | DU4: 354.73508 | DV4: 302.83398 | DW4: 402.67775 | DX4: 427.14107 | DY4: 417.49966 | DZ4: 411.99995 | EA4: 410.74003 | EB4: 374.1972 | EC4: 319.32556 | ED4: 424.44539 | EE4: 450.06271 | EF4: 439.74174 | EG4: 433.79135 | EH4: 432.3099 | EI4: 393.70896 | EJ4: 335.85916 | EK4: 446.26849 | EL4: 473.04274 | EM4: 462.04045 | EN4: 455.63822 | EO4: 453.93464 | EP4: 413.27033 | EQ4: 352.4348 | ER4: 468.14705 | ES4: 496.08114 | ET4: 484.3958 | EU4: 477.54056 | EV4: 475.61426 | EW4: 432.88134 | EX4: 368.5331 | EY4: 488.71022 | EZ4: 517.01302 | FA4: 504.0073 | FB4: 496.0693 | FC4: 493.27646 | FD4: 448.24503 | FE4: 381.5517 | FF4: 505.89369 | FG4: 535.10735 | FH4: 521.56506 | FI4: 513.27119 | FJ4: 510.30335 | FK4: 463.64718 | FL4: 394.60289 | FM4: 523.12014 | FN4: 553.24692 | FO4: 539.16672 | FP4: 530.51606 | FQ4: 527.37278 | FR4: 479.0878 | FS4: 407.68665 | FT4: 540.38958 | FU4: 571.43174 | FV4: 556.81226 | FW4: 547.80392 | FX4: 544.48474 | FY4: 494.56687 | FZ4: 420.80299 | GA4: 557.702 | GB4: 586.76024 | GC4: 568.87163 | GD4: 556.86226 | GE4: 550.7233 | GF4: 497.74365 | GG4: 421.40558 | GH4: 555.74062 | GI4: 584.69459 | GJ4: 566.86694 | GK4: 554.89791 | GL4: 548.77866 | GM4: 495.9843 | GN4: 419.91456 | GO4: 553.77232 | GP4: 582.62165 | GQ4: 564.85517 | GR4: 552.92664 | GS4: 546.82715 | GT4: 494.21876 | GU4: 418.41828 | GV4: 551.79708 | GW4: 580.54141 | GX4: 562.83632 | GY4: 550.94843 | GZ4: 544.86878 | HA4: 492.44701 | HB4: 416.91676 | HC4: 549.81491 | HD4: 578.45387 | HE4: 560.8104 | HF4: 548.96328 | HG4: 543.28454 | HH4: 491.3582 | HI4: 416.28575 | HJ4: 549.3668 | HK4: 578.38703 | HL4: 561.13843 | HM4: 549.66944 | HN4: 543.98327 | HO4: 491.99002 | HP4: 416.82095 | HQ4: 550.07296 | HR4: 579.13036 | HS4: 561.85946 | HT4: 550.3756 | HU4: 544.682 | HV4: 492.62185 | HW4: 417.35614 | HX4: 550.77912 | HY4: 579.87369 | HZ4: 562.58048 | IA4: 551.08177 | IB4: 545.38072 | IC4: 493.25368 | ID4: 417.89134 | IE4: 551.48529 | IF4: 580.61702 | IG4: 563.30151 | IH4: 551.78793 | II4: 546.07945 | IJ4: 493.88551 | IK4: 418.42653 | IL4: 550.59089 | IM4: 577.99014 | IN4: 559.11799 | IO4: 546.08836 | IP4: 538.85386 | IQ4: 485.91704 | IR4: 410.46106 | IS4: 540.07679 | IT4: 566.91836 | IU4: 548.37419 | IV4: 535.56198 | IW4: 528.43423 | IX4: 476.49137 | IY4: 402.47386 | IZ4: 529.53404 | JA4: 555.81641 | JB4: 537.60112 | JC4: 525.00694 | JD4: 517.98625 | JE4: 467.04007 | JF4: 394.46495 | JG4: 518.96263 | JH4: 544.6843 | JI4: 526.79879 | JJ4: 514.42325 | JK4: 507.50992 | JL4: 457.56312 | JM4: 386.43432 | JN4: 508.36256 | JO4: 533.52203 | JP4: 514.43002 | JQ4: 500.79936 | JR4: 492.53465 | JS4: 442.6695 | JT4: 372.67277 | JU4: 488.69264 | JV4: 511.22435 | JW4: 492.79317 | JX4: 479.60071 | JY4: 471.5513 | JZ4: 423.68811 | KA4: 356.58841 | KB4: 467.4623 | KC4: 488.86828 | KD4: 471.0997 | KE4: 458.3466 | KF4: 450.51308 | KG4: 404.6571 | KH4: 340.46202 | KI4: 446.1765 | KJ4: 466.45383 | KK4: 449.34959 | KL4: 437.03703 | KM4: 429.41998 | KN4: 385.57646 | KO4: 324.29359 | KP4: 424.83523 | KQ4: 443.981 | KR4: 427.54285 | KS4: 415.67199 | KT4: 408.272 | KU4: 369.97286 | KV4: 314.05879 | KW4: 415.26747 | KX4: 438.05485 | KY4: 425.81677 | KZ4: 417.92226 | LA4: 414.39927 | LB4: 375.51531 | LC4: 318.75513 | LD4: 421.46607 | LE4: 444.58185 | LF4: 432.15004 | LG4: 424.127 | LH4: 420.54072 | LI4: 381.07058 | LJ4: 323.46232 | LK4: 427.679 | LL4: 451.12392 | LM4: 438.49794 | LN4: 430.34606 | LO4: 426.69635 | LP4: 386.63867 | LQ4: 328.18037 | LR4: 433.90625 | LS4: 457.68108 | LT4: 444.86048 | LU4: 436.57946 | LV4: 432.86615 | LW4: 392.21958 | LX4: 332.90928 | LY4: 436.57857 | LZ4: 456.73773 | MA4: 440.30049 | MB4: 428.54243 | MC4: 421.37898 | MD4: 378.63479 | ME4: 318.69275 | MF4: 417.81372 | MG4: 436.97796 | MH4: 421.12644 | MI4: 409.75678 | MJ4: 402.78422 | MK4: 361.81417 | ML4: 304.43945 | MM4: 399.00034 | MN4: 417.16711 | MO4: 401.90283 | MP4: 390.92261 | MQ4: 384.14144 | MR4: 344.95013 | MS4: 290.14936 | MT4: 380.13843 | MU4: 397.30517 | MV4: 382.62967 | MW4: 372.0399 | MX4: 365.45063 | MY4: 328.04267 | MZ4: 275.82249 | NA4: 380.23999 | NB4: 358.52254
A5: 344.00871 | B5: 362.57313 | C5: 352.14102 | D5: 345.31642 | E5: 342.11311 | F5: 309.748 | G5: 262.70558 | H5: 347.06203 | I5: 365.78819 | J5: 355.26064 | K5: 348.37271 | L5: 345.13821 | M5: 312.48435 | N5: 265.02417 | O5: 350.12228 | P5: 369.01055 | Q5: 358.38734 | R5: 351.43594 | S5: 348.17017 | T5: 315.2269 | U5: 267.34803 | V5: 353.18946 | W5: 372.24021 | X5: 361.52112 | Y5: 354.50609 | Z5: 351.20899 | AA5: 317.97565 | AB5: 269.67713 | AC5: 356.26358 | AD5: 375.47716 | AE5: 364.66198 | AF5: 357.58318 | AG5: 353.49277 | AH5: 319.35246 | AI5: 270.2601 | AJ5: 356.26288 | AK5: 374.66572 | AL5: 363.08818 | AM5: 355.27107 | AN5: 351.20395 | AO5: 317.28183 | AP5: 268.50535 | AQ5: 353.94654 | AR5: 372.22634 | AS5: 360.72091 | AT5: 352.95155 | AU5: 348.9078 | AV5: 315.20458 | AW5: 266.74499 | AX5: 351.62278 | AY5: 369.77917 | AZ5: 358.34607 | BA5: 350.62462 | BB5: 346.60431 | BC5: 313.12069 | BD5: 264.97902 | BE5: 349.29161 | BF5: 367.32419 | BG5: 355.96366 | BH5: 348.29027 | BI5: 344.29349 | BJ5: 311.05326 | BK5: 263.24655 | BL5: 347.03049 | BM5: 364.97015 | BN5: 353.70554 | BO5: 346.10351 | BP5: 342.1543 | BQ5: 309.118 | BR5: 261.60652 | BS5: 344.86557 | BT5: 362.69024 | BU5: 351.49302 | BV5: 343.93562 | BW5: 340.00824 | BX5: 307.17653 | BY5: 259.96123 | BZ5: 342.69371 | CA5: 360.40303 | CB5: 349.27342 | CC5: 341.76079 | CD5: 337.85533 | CE5: 305.22886 | CF5: 258.31069 | CG5: 340.51492 | CH5: 358.10853 | CI5: 347.04674 | CJ5: 339.57903 | CK5: 335.69556 | CL5: 303.27499 | CM5: 256.65489 | CN5: 338.3292 | CO5: 357.84066 | CP5: 348.75956 | CQ5: 343.18924 | CR5: 341.18083 | CS5: 309.96564 | CT5: 263.7887 | CU5: 349.67747 | CV5: 369.79052 | CW5: 360.3551 | CX5: 354.54979 | CY5: 352.42585 | CZ5: 320.13767 | DA5: 272.40811 | DB5: 361.0544 | DC5: 381.77054 | DD5: 371.9799 | DE5: 365.939 | DF5: 363.69923 | DG5: 330.33534 | DH5: 281.04924 | DI5: 372.45998 | DJ5: 393.78073 | DK5: 383.63396 | DL5: 377.35686 | DM5: 375.00095 | DN5: 340.55865 | DO5: 289.71209 | DP5: 383.89422 | DQ5: 405.82108 | DR5: 395.31728 | DS5: 389.50998 | DT5: 387.72961 | DU5: 352.70496 | DV5: 300.53995 | DW5: 398.89273 | DX5: 422.35846 | DY5: 412.08581 | DZ5: 405.93871 | EA5: 403.99128 | EB5: 367.41498 | EC5: 313.00471 | ED5: 415.34523 | EE5: 439.68314 | EF5: 428.89682 | EG5: 422.40903 | EH5: 420.29412 | EI5: 382.16222 | EJ5: 325.501 | EK5: 431.83933 | EL5: 457.0516 | EM5: 445.75029 | EN5: 438.92096 | EO5: 436.63811 | EP5: 396.94668 | EQ5: 338.02881 | ER5: 448.37502 | ES5: 474.46385 | ET5: 462.64624 | EU5: 455.47448 | EV5: 453.02327 | EW5: 411.76836 | EX5: 350.94402 | EY5: 465.89161 | EZ5: 493.40326 | FA5: 481.50352 | FB5: 474.41915 | FC5: 472.23988 | FD5: 429.57148 | FE5: 366.02974 | FF5: 485.80354 | FG5: 514.37073 | FH5: 501.84928 | FI5: 494.35257 | FJ5: 491.97057 | FK5: 447.41946 | FL5: 381.15346 | FM5: 505.76561 | FN5: 535.39098 | FO5: 522.24623 | FP5: 514.33614 | FQ5: 511.75087 | FR5: 465.31231 | FS5: 396.31519 | FT5: 525.77783 | FU5: 556.46402 | FV5: 542.6944 | FW5: 534.36985 | FX5: 531.58079 | FY5: 483.25003 | FZ5: 411.51492 | GA5: 545.8402 | GB5: 574.27183 | GC5: 556.75562 | GD5: 544.99387 | GE5: 538.97768 | GF5: 487.12064 | GG5: 412.4056 | GH5: 543.86346 | GI5: 572.19 | GJ5: 554.73524 | GK5: 543.01416 | GL5: 537.01782 | GM5: 485.34754 | GN5: 410.90293 | GO5: 541.87978 | GP5: 570.10087 | GQ5: 552.70778 | GR5: 541.02751 | GS5: 535.0511 | GT5: 483.56824 | GU5: 409.395 | GV5: 539.88917 | GW5: 568.00445 | GX5: 550.67323 | GY5: 539.03393 | GZ5: 533.07752 | HA5: 481.78274 | HB5: 407.88183 | HC5: 537.89162 | HD5: 565.90073 | HE5: 548.63161 | HF5: 537.03341 | HG5: 531.85906 | HH5: 481.36932 | HI5: 408.11496 | HJ5: 538.96917 | HK5: 567.84575 | HL5: 551.30501 | HM5: 540.42248 | HN5: 535.21344 | HO5: 484.40342 | HP5: 410.68577 | HQ5: 542.3622 | HR5: 571.4184 | HS5: 554.7715 | HT5: 543.81848 | HU5: 538.57467 | HV5: 487.44372 | HW5: 413.26183 | HX5: 545.76216 | HY5: 574.99835 | HZ5: 558.24506 | IA5: 547.22141 | IB5: 541.94276 | IC5: 490.49022 | ID5: 415.84315 | IE5: 549.16906 | IF5: 578.5856 | IG5: 561.7257 | IH5: 550.63128 | II5: 545.31771 | IJ5: 493.54292 | IK5: 418.42972 | IL5: 550.59508 | IM5: 577.99454 | IN5: 559.12225 | IO5: 546.09251 | IP5: 538.85796 | IQ5: 485.92073 | IR5: 410.46418 | IS5: 540.0809 | IT5: 566.92267 | IU5: 548.37835 | IV5: 535.56605 | IW5: 528.43825 | IX5: 476.49499 | IY5: 402.47692 | IZ5: 529.53806 | JA5: 555.82063 | JB5: 537.6052 | JC5: 525.01093 | JD5: 517.99018 | JE5: 467.04361 | JF5: 394.46794 | JG5: 518.96657 | JH5: 544.68843 | JI5: 526.80279 | JJ5: 514.42715 | JK5: 507.51376 | JL5: 457.56659 | JM5: 386.43724 | JN5: 508.36641 | JO5: 533.52607 | JP5: 514.43391 | JQ5: 500.80315 | JR5: 492.53838 | JS5: 442.67285 | JT5: 372.67559 | JU5: 488.69634 | JV5: 511.22821 | JW5: 492.7969 | JX5: 479.60434 | JY5: 471.55487 | JZ5: 423.69131 | KA5: 356.59111 | KB5: 467.46583 | KC5: 488.87197 | KD5: 471.10325 | KE5: 458.35006 | KF5: 450.51648 | KG5: 404.66015 | KH5: 340.46459 | KI5: 446.17986 | KJ5: 466.45735 | KK5: 449.35298 | KL5: 437.04033 | KM5: 429.42322 | KN5: 385.57936 | KO5: 324.29604 | KP5: 424.83843 | KQ5: 443.98434 | KR5: 427.54608 | KS5: 415.67512 | KT5: 408.27507 | KU5: 369.97564 | KV5: 314.06116 | KW5: 415.2706 | KX5: 438.05815 | KY5: 425.81997 | KZ5: 417.9254 | LA5: 414.40239 | LB5: 375.51813 | LC5: 318.75752 | LD5: 421.46924 | LE5: 444.58519 | LF5: 432.15329 | LG5: 424.13019 | LH5: 420.54388 | LI5: 381.07344 | LJ5: 323.46475 | LK5: 427.68221 | LL5: 451.12731 | LM5: 438.50123 | LN5: 430.34929 | LO5: 426.69955 | LP5: 386.64157 | LQ5: 328.18283 | LR5: 433.9095 | LS5: 457.68451 | LT5: 444.86381 | LU5: 436.58273 | LV5: 432.8694 | LW5: 392.22252 | LX5: 332.91177 | LY5: 436.97551 | LZ5: 457.57008 | MA5: 441.5101 | MB5: 430.12117 | MC5: 423.33118 | MD5: 380.75291 | ME5: 320.78592 | MF5: 420.97018 | MG5: 440.71611 | MH5: 425.15568 | MI5: 414.09802 | MJ5: 407.4708 | MK5: 366.40577 | ML5: 308.62854 | MM5: 404.92325 | MN5: 423.81835 | MO5: 408.75879 | MP5: 398.03326 | MQ5: 391.56927 | MR5: 352.02141 | MS5: 296.43964 | MT5: 388.83473 | MU5: 406.87681 | MV5: 392.31942 | MW5: 381.92691 | MX5: 375.62658 | MY5: 337.59983 | MZ5: 284.21921 | NA5: 392.32063 | NB5: 370.3969
A6: 344.01145 | B6: 362.96546 | C6: 352.89949 | D6: 346.42952 | E6: 343.581 | F6: 311.40689 | G6: 264.39169 | H6: 349.65759 | I6: 368.91085 | J6: 358.66854 | K6: 352.08161 | L6: 349.17554 | M6: 316.46756 | N6: 268.67988 | O6: 355.31759 | P6: 374.87084 | Q6: 364.45175 | R6: 357.74755 | S6: 354.78381 | T6: 321.54063 | U6: 272.97857 | V6: 360.99146 | W6: 380.84542 | X6: 370.24912 | Y6: 363.42737 | Z6: 360.4058 | AA6: 326.62612 | AB6: 277.28778 | AC6: 366.6792 | AD6: 386.8346 | AE6: 376.06064 | AF6: 369.12105 | AG6: 364.91135 | AH6: 329.67973 | AI6: 279.00956 | AJ6: 367.80951 | AK6: 386.82236 | AL6: 374.88236 | AM6: 366.82427 | AN6: 362.6377 | AO6: 327.62282 | AP6: 277.26644 | AQ6: 365.50849 | AR6: 384.39913 | AS6: 372.53074 | AT6: 364.52007 | AU6: 360.35672 | AV6: 325.55928 | AW6: 275.5177 | AX6: 363.20006 | AY6: 381.96809 | AZ6: 370.17156 | BA6: 362.20847 | BB6: 358.0684 | BC6: 323.48911 | BD6: 273.76334 | BE6: 360.88423 | BF6: 379.52925 | BG6: 367.8048 | BH6: 359.88946 | BI6: 355.77275 | BJ6: 321.4354 | BK6: 272.04249 | BL6: 358.63843 | BM6: 377.19134 | BN6: 365.56234 | BO6: 357.71803 | BP6: 353.64872 | BQ6: 319.51385 | BR6: 270.41407 | BS6: 356.48884 | BT6: 374.92757 | BU6: 363.36547 | BV6: 355.56546 | BW6: 351.51784 | BX6: 317.5861 | BY6: 268.78041 | BZ6: 354.33231 | CA6: 372.6565 | CB6: 361.16152 | CC6: 353.40597 | CD6: 349.38009 | CE6: 315.65215 | CF6: 267.14148 | CG6: 352.16886 | CH6: 370.37813 | CI6: 358.95049 | CJ6: 351.23954 | CK6: 347.23549 | CL6: 313.71199 | CM6: 265.49731 | CN6: 349.99846 | CO6: 369.71699 | CP6: 359.88455 | CQ6: 353.6978 | CR6: 351.19566 | CS6: 318.67503 | CT6: 270.8724 | CU6: 358.63638 | CV6: 378.81276 | CW6: 368.71058 | CX6: 362.34492 | CY6: 359.7548 | CZ6: 326.41743 | DA6: 277.43299 | DB6: 367.29579 | DC6: 387.93116 | DD6: 377.55857 | DE6: 371.01354 | DF6: 368.33521 | DG6: 334.17906 | DH6: 284.00987 | DI6: 375.97669 | DJ6: 397.07218 | DK6: 386.42849 | DL6: 379.70365 | DM6: 376.93689 | DN6: 341.95991 | DO6: 290.60304 | DP6: 384.67908 | DQ6: 406.23583 | DR6: 395.32036 | DS6: 389.51301 | DT6: 387.73263 | DU6: 352.7077 | DV6: 300.54229 | DW6: 398.89583 | DX6: 422.36175 | DY6: 412.08902 | DZ6: 405.94186 | EA6: 403.99443 | EB6: 367.41784 | EC6: 313.00714 | ED6: 415.34846 | EE6: 439.68656 | EF6: 428.90015 | EG6: 422.41232 | EH6: 420.29738 | EI6: 382.16519 | EJ6: 325.50352 | EK6: 431.84268 | EL6: 457.05515 | EM6: 445.75375 | EN6: 438.92436 | EO6: 436.6415 | EP6: 396.94976 | EQ6: 338.03143 | ER6: 448.3785 | ES6: 474.46753 | ET6: 462.64983 | EU6: 455.47801 | EV6: 453.02678 | EW6: 411.77155 | EX6: 350.94674 | EY6: 465.89522 | EZ6: 493.40708 | FA6: 481.50725 | FB6: 474.42282 | FC6: 472.24354 | FD6: 429.5748 | FE6: 366.03257 | FF6: 485.80729 | FG6: 514.3747 | FH6: 501.85315 | FI6: 494.35639 | FJ6: 491.97437 | FK6: 447.42292 | FL6: 381.1564 | FM6: 505.76951 | FN6: 535.39511 | FO6: 522.25026 | FP6: 514.3401 | FQ6: 511.75481 | FR6: 465.3159 | FS6: 396.31824 | FT6: 525.78189 | FU6: 556.46831 | FV6: 542.69858 | FW6: 534.37397 | FX6: 531.58488 | FY6: 483.25376 | FZ6: 411.51809 | GA6: 545.8444 | GB6: 574.27625 | GC6: 556.75991 | GD6: 544.99807 | GE6: 538.98182 | GF6: 487.12439 | GG6: 412.40877 | GH6: 543.86764 | GI6: 572.1944 | GJ6: 554.7395 | GK6: 543.01833 | GL6: 537.02195 | GM6: 485.35127 | GN6: 410.90608 | GO6: 541.88394 | GP6: 570.10525 | GQ6: 552.71202 | GR6: 541.03166 | GS6: 535.05521 | GT6: 483.57195 | GU6: 409.39815 | GV6: 539.89331 | GW6: 568.00881 | GX6: 550.67746 | GY6: 539.03806 | GZ6: 533.08161 | HA6: 481.78643 | HB6: 407.88495 | HC6: 537.89574 | HD6: 565.90506 | HE6: 548.63582 | HF6: 537.03752 | HG6: 531.48214 | HH6: 480.68385 | HI6: 407.24229 | HJ6: 537.43227 | HK6: 565.82206 | HL6: 548.94816 | HM6: 537.72833 | HN6: 532.16568 | HO6: 481.30195 | HP6: 407.76586 | HQ6: 538.12308 | HR6: 566.54923 | HS6: 549.65352 | HT6: 538.41914 | HU6: 532.84922 | HV6: 481.92004 | HW6: 408.28942 | HX6: 538.81389 | HY6: 567.2764 | HZ6: 550.35887 | IA6: 539.10995 | IB6: 533.53276 | IC6: 482.53813 | ID6: 408.81298 | IE6: 539.5047 | IF6: 568.00356 | IG6: 551.06422 | IH6: 539.80076 | II6: 534.2163 | IJ6: 483.15623 | IK6: 409.33654 | IL6: 539.39522 | IM6: 567.0456 | IN6: 549.31727 | IO6: 537.28866 | IP6: 530.93761 | IQ6: 479.4741 | IR6: 405.6097 | IS6: 534.47581 | IT6: 561.86513 | IU6: 544.29011 | IV6: 532.36311 | IW6: 526.06189 | IX6: 475.06337 | IY6: 401.872 | IZ6: 529.54208 | JA6: 556.66957 | JB6: 539.24833 | JC6: 527.42324 | JD6: 521.17199 | JE6: 470.63982 | JF6: 398.12344 | JG6: 524.59402 | JH6: 551.45893 | JI6: 534.19192 | JJ6: 522.46904 | JK6: 516.26791 | JL6: 466.20345 | JM6: 394.36402 | JN6: 519.63163 | JO6: 546.23321 | JP6: 527.55716 | JQ6: 514.43699 | JR6: 506.80193 | JS6: 456.27019 | JT6: 384.78603 | JU6: 505.45769 | JV6: 529.69552 | JW6: 511.50953 | JX6: 498.7143 | JY6: 491.23886 | JZ6: 442.19189 | KA6: 372.85637 | KB6: 489.71123 | KC6: 513.11404 | KD6: 495.41943 | KE6: 482.95001 | KF6: 475.63463 | KG6: 428.07636 | KH6: 360.89519 | KI6: 473.92317 | KJ6: 496.48877 | KK6: 479.28685 | KL6: 467.14412 | KM6: 459.98924 | KN6: 413.92362 | KO6: 348.90248 | KP6: 458.09351 | KQ6: 479.81972 | KR6: 463.11181 | KS6: 451.29664 | KT6: 444.30269 | KU6: 401.47366 | KV6: 339.82654 | KW6: 448.05849 | KX6: 471.29957 | KY6: 456.82972 | KZ6: 447.08635 | LA6: 442.05926 | LB6: 399.44411 | LC6: 338.10662 | LD6: 445.78812 | LE6: 468.90863 | LF6: 454.50946 | LG6: 444.81291 | LH6: 439.80874 | LI6: 397.40814 | LJ6: 336.38126 | LK6: 443.51059 | LL6: 466.51015 | LM6: 452.18189 | LN6: 442.53231 | LO6: 437.55113 | LP6: 395.36577 | LQ6: 334.65048 | LR6: 441.22589 | LS6: 464.10413 | LT6: 449.847 | LU6: 440.24454 | LV6: 435.28643 | LW6: 393.31699 | LX6: 332.91427 | LY6: 436.97878 | LZ6: 457.57351 | MA6: 441.51341 | MB6: 430.12439 | MC6: 423.33434 | MD6: 380.75576 | ME6: 320.78832 | MF6: 420.97333 | MG6: 440.71941 | MH6: 425.15886 | MI6: 414.10111 | MJ6: 407.47385 | MK6: 366.40851 | ML6: 308.63085 | MM6: 404.92627 | MN6: 423.82152 | MO6: 408.76184 | MP6: 398.03623 | MQ6: 391.57219 | MR6: 352.02403 | MS6: 296.44185 | MT6: 388.83763 | MU6: 406.87984 | MV6: 392.32235 | MW6: 381.92976 | MX6: 375.62938 | MY6: 337.60234 | MZ6: 284.22132 | NA6: 392.32356 | NB6: 370.39966
A7: 412.81703 | B7: 434.62734 | C7: 421.66914 | D7: 413.05388 | E7: 408.78406 | F7: 369.7158 | G7: 313.23087 | H7: 413.36967 | I7: 435.20908 | J7: 422.23342 | K7: 413.60652 | L7: 409.33089 | M7: 370.21027 | N7: 313.64971 | O7: 413.92232 | P7: 435.79081 | Q7: 422.7977 | R7: 414.15917 | S7: 409.87772 | T7: 370.70475 | U7: 314.06856 | V7: 414.47497 | W7: 436.37255 | X7: 423.36198 | Y7: 414.71182 | Z7: 410.42455 | AA7: 371.19922 | AB7: 314.48741 | AC7: 415.02762 | AD7: 436.95428 | AE7: 423.92626 | AF7: 415.26447 | AG7: 410.97138 | AH7: 371.6937 | AI7: 314.90626 | AJ7: 415.58027 | AK7: 437.53602 | AL7: 424.49055 | AM7: 415.81711 | AN7: 411.51821 | AO7: 372.18817 | AP7: 315.32511 | AQ7: 416.13291 | AR7: 438.11775 | AS7: 425.05483 | AT7: 416.36976 | AU7: 412.06504 | AV7: 372.68264 | AW7: 315.74396 | AX7: 416.68556 | AY7: 438.69948 | AZ7: 425.61911 | BA7: 416.92241 | BB7: 412.61187 | BC7: 373.17712 | BD7: 316.16281 | BE7: 417.23821 | BF7: 439.28122 | BG7: 426.18339 | BH7: 417.47506 | BI7: 413.1587 | BJ7: 373.00193 | BK7: 315.44695 | BL7: 415.54467 | BM7: 436.70981 | BN7: 422.92377 | BO7: 413.53278 | BP7: 408.51568 | BQ7: 368.80168 | BR7: 311.88759 | BS7: 410.84631 | BT7: 431.76209 | BU7: 418.12245 | BV7: 408.82848 | BW7: 403.85893 | BX7: 364.58902 | BY7: 308.31772 | BZ7: 406.13408 | CA7: 426.79976 | CB7: 413.30698 | CC7: 404.11031 | CD7: 399.18847 | CE7: 360.36396 | CF7: 304.73734 | CG7: 401.40799 | CH7: 421.82285 | CI7: 408.47735 | CJ7: 399.37828 | CK7: 394.50429 | CL7: 356.12649 | CM7: 301.14646 | CN7: 396.66803 | CO7: 418.03322 | CP7: 405.96566 | CQ7: 398.05905 | CR7: 394.32804 | CS7: 356.98848 | CT7: 302.7421 | CU7: 399.91579 | CV7: 421.45299 | CW7: 409.28388 | CX7: 401.30988 | CY7: 397.54566 | CZ7: 359.89895 | DA7: 305.20822 | DB7: 403.17071 | DC7: 424.8803 | DD7: 412.60942 | DE7: 404.56787 | DF7: 400.77037 | DG7: 362.81583 | DH7: 307.67976 | DI7: 406.4328 | DJ7: 428.31516 | DK7: 415.94227 | DL7: 407.83303 | DM7: 404.00217 | DN7: 365.73912 | DO7: 310.15673 | DP7: 409.70205 | DQ7: 431.75755 | DR7: 419.28244 | DS7: 412.60689 | DT7: 410.21308 | DU7: 372.70076 | DV7: 317.19371 | DW7: 420.49176 | DX7: 444.69973 | DY7: 433.37398 | DZ7: 426.41284 | EA7: 423.8786 | EB7: 385.06231 | EC7: 327.66843 | ED7: 434.31751 | EE7: 459.25837 | EF7: 447.50092 | EG7: 440.25345 | EH7: 437.57842 | EI7: 397.45488 | EJ7: 338.16941 | EK7: 448.17794 | EL7: 473.8535 | EM7: 461.66325 | EN7: 454.12873 | EO7: 451.31254 | EP7: 409.87847 | EQ7: 348.69667 | ER7: 462.07302 | ES7: 488.48512 | ET7: 475.86098 | EU7: 468.03867 | EV7: 465.08097 | EW7: 422.33307 | EX7: 359.2983 | EY7: 476.12971 | EZ7: 503.35369 | FA7: 490.35341 | FB7: 482.30079 | FC7: 479.26076 | FD7: 435.21655 | FE7: 370.21525 | FF7: 490.53913 | FG7: 518.52689 | FH7: 505.07664 | FI7: 496.72557 | FJ7: 493.53876 | FK7: 448.13209 | FL7: 381.15935 | FM7: 504.98438 | FN7: 533.7378 | FO7: 519.83645 | FP7: 511.18617 | FQ7: 507.85221 | FR7: 461.07968 | FS7: 392.13059 | FT7: 519.46545 | FU7: 548.98642 | FV7: 534.63283 | FW7: 525.68258 | FX7: 522.20109 | FY7: 474.05931 | FZ7: 403.12899 | GA7: 533.98233 | GB7: 561.78754 | GC7: 544.64362 | GD7: 533.12941 | GE7: 527.23593 | GF7: 476.50113 | GG7: 403.40858 | GH7: 531.9902 | GI7: 559.68951 | GJ7: 542.60752 | GK7: 531.1343 | GL7: 525.26084 | GM7: 474.71426 | GN7: 401.89425 | GO7: 529.99113 | GP7: 557.58419 | GQ7: 540.56435 | GR7: 529.13226 | GS7: 523.27889 | GT7: 472.92119 | GU7: 400.37466 | GV7: 527.98512 | GW7: 555.47156 | GX7: 538.51409 | GY7: 527.12328 | GZ7: 521.29008 | HA7: 471.12191 | HB7: 398.84981 | HC7: 525.97218 | HD7: 553.35164 | HE7: 536.45675 | HF7: 525.10738 | HG7: 520.0564 | HH7: 470.69475 | HI7: 399.07131 | HJ7: 527.03439 | HK7: 555.28052 | HL7: 539.11451 | HM7: 528.48113 | HN7: 523.39563 | HO7: 473.71514 | HP7: 401.63051 | HQ7: 530.41211 | HR7: 558.83706 | HS7: 542.56536 | HT7: 531.86182 | HU7: 526.74171 | HV7: 476.74174 | HW7: 404.19497 | HX7: 533.79676 | HY7: 562.40089 | HZ7: 546.02329 | IA7: 535.24945 | IB7: 530.09465 | IC7: 479.77455 | ID7: 406.76469 | IE7: 537.18834 | IF7: 565.97202 | IG7: 549.4883 | IH7: 538.644 | II7: 533.45446 | IJ7: 482.81355 | IK7: 409.33966 | IL7: 539.79947 | IM7: 567.89249 | IN7: 550.54761 | IO7: 538.89421 | IP7: 532.92278 | IQ7: 481.62787 | IR7: 407.738 | IS7: 537.68515 | IT7: 565.66581 | IU7: 548.38669 | IV7: 536.77682 | IW7: 530.82666 | IX7: 479.73154 | IY7: 406.13091 | IZ7: 535.56367 | JA7: 563.4316 | JB7: 546.21845 | JC7: 534.65227 | JD7: 528.72346 | JE7: 477.82879 | JF7: 404.5184 | JG7: 533.43502 | JH7: 561.18984 | JI7: 544.0429 | JJ7: 532.52055 | JK7: 526.61317 | JL7: 475.91963 | JM7: 402.90046 | JN7: 531.29921 | JO7: 558.94054 | JP7: 541.47573 | JQ7: 529.62877 | JR7: 523.37812 | JS7: 472.65627 | JT7: 399.84975 | JU7: 526.89589 | JV7: 553.90732 | JW7: 536.59149 | JX7: 524.84325 | JY7: 518.64102 | JZ7: 468.37095 | KA7: 396.21833 | KB7: 522.10245 | KC7: 548.85951 | KD7: 531.69309 | KE7: 520.04387 | KF7: 513.8902 | KG7: 464.07322 | KH7: 392.5764 | KI7: 517.29514 | KJ7: 543.79711 | KK7: 526.78053 | KL7: 515.23062 | KM7: 509.12565 | KN7: 459.76309 | KO7: 388.92396 | KP7: 512.47397 | KQ7: 538.7201 | KR7: 521.85382 | KS7: 510.40351 | KT7: 504.34739 | KU7: 456.14122 | KV7: 386.44826 | KW7: 509.98911 | KX7: 536.9276 | KY7: 520.91382 | KZ7: 510.26544 | LA7: 504.98536 | LB7: 456.71811 | LC7: 386.93691 | LD7: 510.63387 | LE7: 537.60629 | LF7: 521.57215 | LG7: 510.91019 | LH7: 505.62333 | LI7: 457.295 | LJ7: 387.42557 | LK7: 511.27862 | LL7: 538.28498 | LM7: 522.23048 | LN7: 511.55495 | LO7: 506.2613 | LP7: 457.87188 | LQ7: 387.91423 | LR7: 511.92338 | LS7: 538.96367 | LT7: 522.88881 | LU7: 512.1997 | LV7: 506.89927 | LW7: 458.44877 | LX7: 388.40288 | LY7: 510.20607 | LZ7: 534.6687 | MA7: 516.30916 | MB7: 503.39111 | MC7: 495.84283 | MD7: 446.3337 | ME7: 376.34665 | MF7: 494.2926 | MG7: 517.91142 | MH7: 500.04853 | MI7: 487.45981 | MJ7: 480.07335 | MK7: 432.06875 | ML7: 364.2589 | MM7: 478.33753 | MN7: 501.11036 | MO7: 483.74544 | MP7: 471.48691 | MQ7: 464.26271 | MR7: 417.76658 | MS7: 352.13961 | MT7: 462.34087 | MU7: 484.26551 | MV7: 467.39986 | MW7: 455.47242 | MX7: 448.41091 | MY7: 403.42719 | MZ7: 339.9888 | NA7: 469.79222 | NB7: 444.00803
A8: 561.89432 | B8: 590.80191 | C8: 572.43175 | D8: 559.99596 | E8: 553.47458 | F8: 499.9154 | G8: 422.9773 | H8: 557.46085 | I8: 586.13302 | J8: 567.9009 | K8: 555.55655 | L8: 549.07994 | M8: 495.93975 | N8: 419.60819 | O8: 553.01352 | P8: 581.44953 | Q8: 563.35589 | R8: 551.10327 | S8: 544.67158 | T8: 491.95169 | U8: 416.22858 | V8: 548.55232 | W8: 576.75145 | X8: 558.79673 | Y8: 546.63613 | Z8: 540.2495 | AA8: 487.95123 | AB8: 412.83845 | AC8: 544.07726 | AD8: 572.03877 | AE8: 554.22341 | AF8: 542.15513 | AG8: 535.36926 | AH8: 483.13442 | AI8: 408.41614 | AJ8: 537.7906 | AK8: 564.94561 | AL8: 546.88152 | AM8: 534.51244 | AN8: 527.80387 | AO8: 476.29054 | AP8: 402.61657 | AQ8: 530.1352 | AR8: 556.88396 | AS8: 539.05847 | AT8: 526.84751 | AU8: 520.21649 | AV8: 469.42677 | AW8: 396.80014 | AX8: 522.45757 | AY8: 548.7989 | AZ8: 531.21272 | BA8: 519.16035 | BB8: 512.60711 | BC8: 462.5431 | BD8: 390.96686 | BE8: 514.75771 | BF8: 540.69044 | BG8: 523.34427 | BH8: 511.45096 | BI8: 504.97573 | BJ8: 456.04365 | BK8: 385.80147 | BL8: 508.39108 | BM8: 534.46134 | BN8: 517.76067 | BO8: 506.43181 | BP8: 500.45418 | BQ8: 451.95325 | BR8: 382.33516 | BS8: 503.81549 | BT8: 529.64285 | BU8: 513.0847 | BV8: 501.85028 | BW8: 495.91891 | BX8: 447.85044 | BY8: 378.85833 | BZ8: 499.22604 | CA8: 524.80976 | CB8: 508.39458 | CC8: 497.25488 | CD8: 491.36992 | CE8: 443.73522 | CF8: 375.371 | CG8: 494.62271 | CH8: 519.96207 | CI8: 503.6903 | CJ8: 492.64562 | CK8: 486.80722 | CL8: 439.6076 | CM8: 371.87316 | CN8: 490.00553 | CO8: 517.12056 | CP8: 502.8929 | CQ8: 493.78386 | CR8: 489.83319 | CS8: 444.06232 | CT8: 377.10276 | CU8: 498.82779 | CV8: 526.41038 | CW8: 511.90717 | CX8: 502.61533 | CY8: 498.57474 | CZ8: 451.96966 | DA8: 383.80307 | DB8: 507.67154 | DC8: 535.72283 | DD8: 520.94337 | DE8: 511.4683 | DF8: 507.33755 | DG8: 459.89622 | DH8: 390.51967 | DI8: 516.53678 | DJ8: 545.0579 | DK8: 530.00152 | DL8: 520.34275 | DM8: 516.12163 | DN8: 467.84202 | DO8: 397.25255 | DP8: 525.42352 | DQ8: 554.41559 | DR8: 539.08162 | DS8: 530.33647 | DT8: 527.09981 | DU8: 478.75479 | DV8: 407.33156 | DW8: 539.8247 | DX8: 570.73566 | DY8: 556.03862 | DZ8: 546.94979 | EA8: 543.54413 | EB8: 493.62997 | EC8: 419.93622 | ED8: 556.46179 | EE8: 588.25464 | EF8: 573.0381 | EG8: 563.6047 | EH8: 560.02961 | EI8: 508.54237 | EJ8: 432.5724 | EK8: 573.14047 | EL8: 605.81741 | EM8: 590.08005 | EN8: 580.30121 | EO8: 576.55625 | EP8: 523.49199 | EQ8: 445.24011 | ER8: 589.86075 | ES8: 623.42396 | ET8: 607.16447 | EU8: 597.03932 | EV8: 593.12404 | EW8: 538.47883 | EX8: 456.80436 | EY8: 603.62696 | EZ8: 636.34342 | FA8: 618.17163 | FB8: 606.32568 | FC8: 600.83399 | FD8: 544.113 | FE8: 461.57839 | FF8: 609.92807 | FG8: 642.97832 | FH8: 624.60957 | FI8: 612.63293 | FJ8: 607.07688 | FK8: 549.75999 | FL8: 466.36327 | FM8: 616.24351 | FN8: 649.6283 | FO8: 631.06214 | FP8: 618.95451 | FQ8: 613.33394 | FR8: 555.4198 | FS8: 471.15902 | FT8: 622.57328 | FU8: 656.29337 | FV8: 637.52935 | FW8: 625.29042 | FX8: 619.60517 | FY8: 561.09243 | FZ8: 475.96562 | GA8: 628.91737 | GB8: 661.73763 | GC8: 641.61311 | GD8: 628.11707 | GE8: 621.24107 | GF8: 561.52148 | GG8: 475.43911 | GH8: 627.04802 | GI8: 659.76885 | GJ8: 639.70239 | GK8: 626.24475 | GL8: 619.38748 | GM8: 559.84447 | GN8: 474.01784 | GO8: 625.17174 | GP8: 657.79277 | GQ8: 637.78458 | GR8: 624.3655 | GS8: 617.52703 | GT8: 558.16126 | GU8: 472.59131 | GV8: 623.28853 | GW8: 655.8094 | GX8: 635.8597 | GY8: 622.47931 | GZ8: 615.65972 | HA8: 556.47185 | HB8: 471.15953 | HC8: 621.39838 | HD8: 653.81873 | HE8: 633.92774 | HF8: 620.5862 | HG8: 613.78555 | HH8: 554.77624 | HI8: 469.7225 | HJ8: 619.5013 | HK8: 651.82076 | HL8: 631.9887 | HM8: 618.68614 | HN8: 611.90452 | HO8: 553.07442 | HP8: 468.2802 | HQ8: 617.59729 | HR8: 649.8155 | HS8: 630.04258 | HT8: 616.77916 | HU8: 610.01663 | HV8: 551.3664 | HW8: 466.83266 | HX8: 615.68634 | HY8: 647.80293 | HZ8: 628.08938 | IA8: 614.86524 | IB8: 608.12188 | IC8: 549.65218 | ID8: 465.37986 | IE8: 613.76847 | IF8: 645.78307 | IG8: 626.12911 | IH8: 612.9444 | II8: 606.22027 | IJ8: 547.93175 | IK8: 463.92181 | IL8: 613.0312 | IM8: 646.25646 | IN8: 627.80072 | IO8: 615.7694 | IP8: 610.19131 | IQ8: 552.58618 | IR8: 468.76564 | IS8: 619.42442 | IT8: 652.98832 | IU8: 634.33271 | IV8: 622.16875 | IW8: 616.52534 | IX8: 558.31559 | IY8: 473.62034 | IZ8: 625.83196 | JA8: 659.73526 | JB8: 640.87933 | JC8: 628.58244 | JD8: 622.87354 | JE8: 564.05781 | JF8: 478.48589 | JG8: 632.25384 | JH8: 666.49728 | JI8: 647.44058 | JJ8: 635.01045 | JK8: 629.23591 | JL8: 569.81285 | JM8: 483.3623 | JN8: 638.69004 | JO8: 673.27438 | JP8: 653.19483 | JQ8: 639.84313 | JR8: 633.22294 | JS8: 572.69921 | JT8: 485.19801 | JU8: 640.30805 | JV8: 674.13083 | JW8: 654.02558 | JX8: 640.65675 | JY8: 634.028 | JZ8: 573.42719 | KA8: 485.81465 | KB8: 641.12167 | KC8: 674.98727 | KD8: 654.85633 | KE8: 641.47037 | KF8: 634.83306 | KG8: 574.15516 | KH8: 486.43129 | KI8: 641.93529 | KJ8: 675.84371 | KK8: 655.68708 | KL8: 642.28399 | KM8: 635.63811 | KN8: 574.88314 | KO8: 487.04793 | KP8: 642.74891 | KQ8: 676.70015 | KR8: 656.51783 | KS8: 643.09761 | KT8: 636.44317 | KU8: 575.97314 | KV8: 488.27798 | KW8: 644.7768 | KX8: 679.26114 | KY8: 659.41571 | KZ8: 646.34108 | LA8: 640.05372 | LB8: 579.23891 | LC8: 491.04506 | LD8: 648.42883 | LE8: 683.10646 | LF8: 663.14672 | LG8: 649.99618 | LH8: 643.67136 | LI8: 582.5111 | LJ8: 493.81757 | LK8: 652.08803 | LL8: 686.95932 | LM8: 666.88504 | LN8: 653.65845 | LO8: 647.29609 | LP8: 585.78969 | LQ8: 496.59551 | LR8: 655.75439 | LS8: 690.81973 | LT8: 670.63067 | LU8: 657.32788 | LV8: 650.9279 | LW8: 589.0747 | LX8: 499.37888 | LY8: 657.05271 | LZ8: 689.68634 | MA8: 667.10538 | MB8: 651.49853 | MC8: 642.80735 | MD8: 579.60355 | ME8: 489.553 | MF8: 644.08305 | MG8: 676.02886 | MH8: 653.85257 | MI8: 638.51402 | MJ8: 629.95462 | MK8: 567.97697 | ML8: 479.70085 | MM8: 631.07874 | MN8: 662.33489 | MO8: 640.56436 | MP8: 625.49485 | MQ8: 617.06759 | MR8: 556.31938 | MS8: 469.82243 | MT8: 618.03976 | MU8: 648.60444 | MV8: 627.24076 | MW8: 612.44101 | MX8: 604.14626 | MY8: 544.63077 | MZ8: 459.91773 | NA8: 636.80643 | NB8: 603.09562
A9: 665.1047 | B9: 700.63356 | C9: 680.12234 | D9: 666.59667 | E9: 660.07223 | F9: 597.31917 | G9: 506.34182 | H9: 668.58794 | I9: 704.30117 | J9: 683.68094 | K9: 670.08288 | L9: 663.52272 | M9: 600.44019 | N9: 508.98626 | O9: 672.07811 | P9: 707.97607 | Q9: 687.24661 | R9: 673.57602 | S9: 666.98007 | T9: 603.5674 | U9: 511.63594 | V9: 675.57521 | W9: 711.65828 | X9: 690.81936 | Y9: 677.07609 | Z9: 670.44429 | AA9: 606.70082 | AB9: 514.29088 | AC9: 679.07925 | AD9: 715.34778 | AE9: 694.39919 | AF9: 680.5831 | AG9: 672.36613 | AH9: 607.03811 | AI9: 513.38979 | AJ9: 676.3238 | AK9: 710.79773 | AL9: 688.38493 | AM9: 673.12456 | AN9: 664.98295 | AO9: 600.359 | AP9: 507.72978 | AQ9: 668.85256 | AR9: 702.92992 | AS9: 680.74991 | AT9: 665.64379 | AU9: 657.57778 | AV9: 593.65999 | AW9: 502.05292 | AX9: 661.35908 | AY9: 695.0387 | AZ9: 673.09219 | BA9: 658.14078 | BB9: 650.15061 | BC9: 586.94109 | BD9: 496.35921 | BE9: 653.84336 | BF9: 687.12408 | BG9: 665.41177 | BH9: 650.61554 | BI9: 642.70144 | BJ9: 580.94124 | BK9: 491.90075 | BL9: 648.78401 | BM9: 682.66544 | BN9: 661.92819 | BO9: 648.02806 | BP9: 640.9571 | BQ9: 579.36303 | BR9: 490.56316 | BS9: 647.01814 | BT9: 680.80559 | BU9: 660.12312 | BV9: 646.25922 | BW9: 639.20589 | BX9: 577.7786 | BY9: 489.22031 | BZ9: 645.24534 | CA9: 678.93843 | CB9: 658.31097 | CC9: 644.48344 | CD9: 637.44783 | CE9: 576.18798 | CF9: 487.87221 | CG9: 643.4656 | CH9: 677.06398 | CI9: 656.49174 | CJ9: 642.70073 | CK9: 635.68291 | CL9: 574.59115 | CM9: 486.51885 | CN9: 641.67893 | CO9: 675.98791 | CP9: 656.22874 | CQ9: 643.20813 | CR9: 636.94217 | CS9: 576.41482 | CT9: 488.64402 | CU9: 645.24911 | CV9: 679.74707 | CW9: 659.87617 | CX9: 646.78138 | CY9: 640.47882 | CZ9: 579.61377 | DA9: 491.3545 | DB9: 648.82645 | DC9: 683.51377 | DD9: 663.53091 | DE9: 650.36179 | DF9: 644.02256 | DG9: 582.81913 | DH9: 494.0704 | DI9: 652.41096 | DJ9: 687.28802 | DK9: 667.19298 | DL9: 653.94937 | DM9: 647.57339 | DN9: 586.0309 | DO9: 496.79173 | DP9: 656.00263 | DQ9: 691.0698 | DR9: 670.86235 | DS9: 662.07402 | DT9: 660.09744 | DU9: 601.41286 | DV9: 513.25899 | DW9: 682.26796 | DX9: 723.49584 | DY9: 706.95231 | DZ9: 697.43273 | EA9: 695.09669 | EB9: 633.07264 | EC9: 540.08644 | ED9: 717.67817 | EE9: 760.7833 | EF9: 743.13429 | EG9: 732.88157 | EH9: 730.18512 | EI9: 664.81306 | EJ9: 566.9822 | EK9: 753.17851 | EL9: 798.16563 | EM9: 779.40829 | EN9: 768.42053 | EO9: 765.36273 | EP9: 696.63412 | EQ9: 593.94627 | ER9: 788.76898 | ES9: 835.64283 | ET9: 815.77432 | EU9: 804.04962 | EV9: 800.62951 | EW9: 728.53582 | EX9: 619.91098 | EY9: 821.63159 | EZ9: 868.76463 | FA9: 846.47563 | FB9: 832.71996 | FC9: 827.61431 | FD9: 751.68524 | FE9: 639.52687 | FF9: 847.52289 | FG9: 896.02832 | FH9: 872.93082 | FI9: 858.63889 | FJ9: 853.26953 | FK9: 774.89234 | FL9: 659.19164 | FM9: 873.47866 | FN9: 923.35988 | FO9: 899.45184 | FP9: 884.6223 | FQ9: 878.98854 | FR9: 798.15713 | FS9: 678.90527 | FT9: 899.49891 | FU9: 950.75932 | FV9: 926.03869 | FW9: 910.67018 | FX9: 904.77134 | FY9: 821.47962 | FZ9: 698.66776 | GA9: 925.58363 | GB9: 974.07561 | GC9: 944.63694 | GD9: 924.9478 | GE9: 915.00152 | GF9: 827.20498 | GG9: 700.53021 | GH9: 924.09805 | GI9: 972.5108 | GJ9: 943.11806 | GK9: 923.45925 | GL9: 913.52765 | GM9: 825.87134 | GN9: 699.39979 | GO9: 922.60553 | GP9: 970.93868 | GQ9: 941.59209 | GR9: 921.96376 | GS9: 912.04692 | GT9: 824.5315 | GU9: 698.26412 | GV9: 921.10608 | GW9: 969.35927 | GX9: 940.05905 | GY9: 920.46133 | GZ9: 910.55934 | HA9: 823.18545 | HB9: 697.12319 | HC9: 919.59969 | HD9: 967.77256 | HE9: 938.51893 | HF9: 918.95198 | HG9: 907.54089 | HH9: 819.07653 | HI9: 692.47376 | HJ9: 911.92214 | HK9: 958.06622 | HL9: 927.52725 | HM9: 906.64233 | HN9: 895.35592 | HO9: 808.05377 | HP9: 683.13309 | HQ9: 899.59268 | HR9: 945.08263 | HS9: 914.92811 | HT9: 894.29802 | HU9: 883.13664 | HV9: 797 | HW9: 673.76614 | HX9: 887.22856 | HY9: 932.06255 | HZ9: 902.29358 | IA9: 881.91904 | IB9: 870.88307 | IC9: 785.91521 | ID9: 664.37291 | IE9: 874.82977 | IF9: 919.00599 | IG9: 889.62365 | IH9: 869.5054 | II9: 858.5952 | IJ9: 774.7994 | IK9: 654.95342 | IL9: 863.53224 | IM9: 908.30478 | IN9: 880.39911 | IO9: 861.60326 | IP9: 851.89695 | IQ9: 769.75626 | IR9: 651.54062 | IS9: 859.0272 | IT9: 903.56047 | IU9: 875.79504 | IV9: 857.09208 | IW9: 847.43122 | IX9: 765.71627 | IY9: 648.11696 | IZ9: 854.50782 | JA9: 898.80108 | JB9: 871.17634 | JC9: 852.56656 | JD9: 842.95132 | JE9: 761.66346 | JF9: 644.68244 | JG9: 849.97412 | JH9: 894.02661 | JI9: 866.54301 | JJ9: 848.02672 | JK9: 838.45724 | JL9: 757.59783 | JM9: 641.23706 | JN9: 845.42609 | JO9: 889.23705 | JP9: 860.72886 | JQ9: 841.18784 | JR9: 830.55738 | JS9: 749.42947 | JT9: 633.44955 | JU9: 834.00462 | JV9: 876.00742 | JW9: 847.89106 | JX9: 828.60979 | JY9: 818.10683 | JZ9: 738.16657 | KA9: 623.90545 | KB9: 821.40677 | KC9: 862.74131 | KD9: 835.01787 | KE9: 815.99707 | KF9: 805.62198 | KG9: 726.87264 | KH9: 614.33508 | KI9: 808.77424 | KJ9: 849.4387 | KK9: 822.10929 | KL9: 803.34969 | KM9: 793.10283 | KN9: 715.54771 | KO9: 604.73844 | KP9: 796.10706 | KQ9: 836.09961 | KR9: 809.16532 | KS9: 790.66765 | KT9: 780.54938 | KU9: 706.66752 | KV9: 599.31052 | KW9: 791.7093 | KX9: 834.381 | KY9: 810.32258 | KZ9: 794.56813 | LA9: 787.14775 | LB9: 712.63596 | LC9: 604.36769 | LD9: 798.384 | LE9: 841.40916 | LF9: 817.14198 | LG9: 801.24898 | LH9: 793.76029 | LI9: 718.61722 | LJ9: 609.43572 | LK9: 805.07303 | LL9: 848.4524 | LM9: 823.97601 | LN9: 807.94415 | LO9: 800.38701 | LP9: 724.61129 | LQ9: 614.51461 | LR9: 811.77639 | LS9: 855.51072 | LT9: 830.82467 | LU9: 814.65364 | LV9: 807.02791 | LW9: 730.61819 | LX9: 619.60436 | LY9: 814.13731 | LZ9: 853.41034 | MA9: 824.33771 | MB9: 803.94102 | MC9: 792.11298 | MD9: 713.22796 | ME9: 601.56627 | MF9: 790.32814 | MG9: 828.33867 | MH9: 800.00909 | MI9: 780.10511 | MJ9: 768.51915 | MK9: 691.88514 | ML9: 583.48089 | MM9: 766.45657 | MN9: 803.20132 | MO9: 775.61676 | MP9: 756.2068 | MQ9: 744.86358 | MR9: 670.48649 | MS9: 565.34822 | MT9: 742.52261 | MU9: 777.99829 | MV9: 751.16072 | MW9: 732.2461 | MX9: 721.14628 | MY9: 649.03201 | MZ9: 547.16826 | NA9: 756.34342 | NB9: 715.09311
A10: 733.91448 | B10: 771.91038 | C10: 748.14054 | D10: 732.11477 | E10: 723.81415 | F10: 653.97528 | G10: 553.50001 | H10: 729.7112 | I10: 767.48379 | J10: 743.84472 | K10: 727.90555 | L10: 719.64728 | M10: 650.20559 | N10: 550.30536 | O10: 725.49406 | P10: 763.0426 | Q10: 739.53475 | R10: 723.68246 | S10: 715.46668 | T10: 646.4235 | U10: 547.1002 | V10: 721.26304 | W10: 758.58682 | X10: 735.21062 | Y10: 719.44551 | Z10: 711.27237 | AA10: 642.62899 | AB10: 543.88453 | AC10: 717.01817 | AD10: 754.11645 | AE10: 730.87233 | AF10: 715.19469 | AG10: 707.4072 | AH10: 639.44228 | AI10: 541.44652 | AJ10: 714.14627 | AK10: 751.45661 | AL10: 728.64475 | AM10: 713.35836 | AN10: 705.58915 | AO10: 637.79735 | AP10: 540.05236 | AQ10: 712.3057 | AR10: 749.51806 | AS10: 726.76327 | AT10: 711.51462 | AU10: 703.76377 | AV10: 636.14579 | AW10: 538.6526 | AX10: 710.45772 | AY10: 747.57171 | AZ10: 724.87423 | BA10: 709.66347 | BB10: 701.93106 | BC10: 634.4876 | BD10: 537.24721 | BE10: 708.60234 | BF10: 745.61756 | BG10: 722.97762 | BH10: 707.8049 | BI10: 700.09101 | BJ10: 633.18072 | BK10: 536.4427 | BL10: 707.94012 | BM10: 745.34094 | BN10: 723.1173 | BO10: 708.34144 | BP10: 701.01759 | BQ10: 634.01858 | BR10: 537.15242 | BS10: 708.87655 | BT10: 746.32666 | BU10: 724.07345 | BV10: 709.27788 | BW10: 701.94416 | BX10: 634.85644 | BY10: 537.86213 | BZ10: 709.81298 | CA10: 747.31237 | CB10: 725.02959 | CC10: 710.21431 | CD10: 702.87073 | CE10: 635.69429 | CF10: 538.57185 | CG10: 710.74941 | CH10: 748.29809 | CI10: 725.98574 | CJ10: 711.15074 | CK10: 703.79731 | CL10: 636.53215 | CM10: 539.28156 | CN10: 711.68584 | CO10: 750.51214 | CP10: 729.3253 | CQ10: 715.58924 | CR10: 709.34502 | CS10: 642.59436 | CT10: 545.30267 | CU10: 720.7999 | CV10: 760.10912 | CW10: 738.63751 | CX10: 724.71251 | CY10: 718.3753 | CZ10: 650.76278 | DA10: 552.22413 | DB10: 729.93546 | DC10: 769.72873 | DD10: 747.97166 | DE10: 733.85728 | DF10: 727.42684 | DG10: 658.95043 | DH10: 559.16188 | DI10: 739.09251 | DJ10: 779.37096 | DK10: 757.32776 | DL10: 743.02353 | DM10: 736.49965 | DN10: 667.15732 | DO10: 566.11592 | DP10: 748.27105 | DQ10: 789.03581 | DR10: 766.7058 | DS10: 756.716 | DT10: 754.50998 | DU10: 687.47955 | DV10: 586.7503 | DW10: 780.01148 | DX10: 827.20069 | DY10: 808.33873 | DZ10: 797.50537 | EA10: 794.88469 | EB10: 724.00188 | EC10: 617.69813 | ED10: 820.86027 | EE10: 870.21506 | EF10: 850.07784 | EG10: 838.39874 | EH10: 835.3623 | EI10: 760.61727 | EJ10: 648.72477 | EK10: 861.81306 | EL10: 913.3389 | EM10: 891.92313 | EN10: 879.39609 | EO10: 875.94281 | EP10: 797.3257 | EQ10: 679.83023 | ER10: 902.86985 | ES10: 956.5722 | ET10: 933.8746 | EU10: 920.49745 | EV10: 916.62621 | EW10: 834.12718 | EX10: 709.36971 | EY10: 939.68938 | EZ10: 993.0591 | FA10: 967.06368 | FB10: 950.84363 | FC10: 944.5163 | FD10: 857.41412 | FE10: 729.1021 | FF10: 965.73438 | FG10: 1020.4846 | FH10: 993.67581 | FI10: 976.91626 | FJ10: 970.3236 | FK10: 880.75875 | FL10: 748.88336 | FM10: 991.84386 | FN10: 1047.9779 | FO10: 1020.3538 | FP10: 1003.0534 | FQ10: 996.19469 | FR10: 904.16107 | FS10: 768.71348 | FT10: 1018.0178 | FU10: 1075.5392 | FV10: 1047.0976 | FW10: 1029.255 | FX10: 1022.1296 | FY10: 927.62108 | FZ10: 788.59247 | GA10: 1044.2562 | GB10: 1098.6142 | GC10: 1065.0707 | GD10: 1042.5372 | GE10: 1030.9956 | GF10: 931.76976 | GG10: 788.82865 | GH10: 1040.2411 | GI10: 1094.3857 | GJ10: 1060.967 | GK10: 1038.5161 | GL10: 1027.0149 | GM10: 928.16844 | GN10: 785.77661 | GO10: 1036.2122 | GP10: 1090.1426 | GQ10: 1056.8492 | GR10: 1034.4812 | GS10: 1023.0205 | GT10: 924.55471 | GU10: 782.71407 | GV10: 1032.1693 | GW10: 1085.8849 | GX10: 1052.7172 | GY10: 1030.4325 | GZ10: 1019.0124 | HA10: 920.92857 | HB10: 779.64102 | HC10: 1028.1126 | HD10: 1081.6126 | HE10: 1048.5711 | HF10: 1026.3698 | HG10: 1015.3715 | HH10: 917.97921 | HI10: 777.43328 | HJ10: 1025.5831 | HK10: 1079.3538 | HL10: 1046.7719 | HM10: 1024.9917 | HN10: 1014.0069 | HO10: 916.74436 | HP10: 776.38654 | HQ10: 1024.201 | HR10: 1077.8979 | HS10: 1045.3587 | HT10: 1023.6066 | HU10: 1012.6354 | HV10: 915.5033 | HW10: 775.33454 | HX10: 1022.812 | HY10: 1076.4347 | HZ10: 1043.9384 | IA10: 1022.2146 | IB10: 1011.2571 | IC10: 914.25604 | ID10: 774.27729 | IE10: 1021.416 | IF10: 1074.9642 | IG10: 1042.511 | IH10: 1020.8156 | II10: 1009.8719 | IJ10: 913.00258 | IK10: 773.21479 | IL10: 1018.7997 | IM10: 1070.9315 | IN10: 1037.3584 | IO10: 1014.5536 | IP10: 1002.4724 | IQ10: 905.22304 | IR10: 765.70267 | IS10: 1008.8838 | IT10: 1060.4894 | IU10: 1027.2254 | IV10: 1004.6254 | IW10: 992.64468 | IX10: 896.3326 | IY10: 758.16884 | IZ10: 998.93926 | JA10: 1050.0171 | JB10: 1017.0631 | JC10: 994.66853 | JD10: 982.78859 | JE10: 887.41651 | JF10: 750.6133 | JG10: 988.96604 | JH10: 1039.5147 | JI10: 1006.8715 | JJ10: 984.68303 | JK10: 972.90415 | JL10: 878.47479 | JM10: 743.03603 | JN10: 978.96417 | JO10: 1028.9821 | JP10: 994.31832 | JQ10: 970.09943 | JR10: 956.2081 | JS10: 861.32755 | JT10: 726.77442 | JU10: 955.21532 | JV10: 1001.5692 | JW10: 967.71773 | JX10: 944.03739 | JY10: 930.4106 | JZ10: 837.99117 | KA10: 706.99962 | KB10: 929.11367 | KC10: 974.08338 | KD10: 941.04634 | KE10: 917.90603 | KF10: 904.5445 | KG10: 814.59275 | KH10: 687.17228 | KI10: 902.94269 | KJ10: 946.52455 | KK10: 914.30417 | KL10: 891.70534 | KM10: 878.60981 | KN10: 791.1323 | KO10: 667.2924 | KP10: 876.70239 | KQ10: 918.89275 | KR10: 887.49121 | KS10: 865.43532 | KT10: 852.60652 | KU10: 771.83734 | KV10: 654.52318 | KW10: 864.57249 | KX10: 911.09296 | KY10: 884.74661 | KZ10: 867.47082 | LA10: 859.29606 | LB10: 777.88823 | LC10: 659.65019 | LD10: 871.33934 | LE10: 918.21811 | LF10: 891.66011 | LG10: 874.24381 | LH10: 865.99979 | LI10: 783.95194 | LJ10: 664.78806 | LK10: 878.12052 | LL10: 925.35835 | LM10: 898.58823 | LN10: 881.03113 | LO10: 872.71769 | LP10: 790.02847 | LQ10: 669.93678 | LR10: 884.91603 | LS10: 932.51367 | LT10: 905.53098 | LU10: 887.83278 | LV10: 879.44976 | LW10: 796.11782 | LX10: 675.09637 | LY10: 887.36907 | LZ10: 930.51022 | MA10: 899.13801 | MB10: 877.21218 | MC10: 864.62585 | MD10: 778.80986 | ME10: 657.12795 | MF10: 863.65182 | MG10: 905.53532 | MH10: 874.90325 | MI10: 853.46819 | MJ10: 841.12298 | MK10: 757.54928 | ML10: 639.11224 | MM10: 839.87218 | MN10: 880.49473 | MO10: 850.60478 | MP10: 829.6618 | MQ10: 817.55837 | MR10: 736.23288 | MS10: 621.04923 | MT10: 816.03014 | MU10: 855.38846 | MV10: 826.24259 | MW10: 805.79302 | MX10: 793.93201 | MY10: 714.86065 | MZ10: 602.93894 | NA10: 833.81653 | NB10: 788.70569
A11: 768.32284 | B11: 806.96824 | C11: 781.0196 | D11: 763.21167 | E11: 753.49067 | F11: 679.82166 | G11: 574.55555 | H11: 756.38687 | I11: 794.39884 | J11: 768.82223 | K11: 751.26084 | L11: 741.66074 | M11: 669.11995 | N11: 565.48682 | O11: 744.41623 | P11: 781.79295 | Q11: 756.58946 | R11: 739.27534 | S11: 729.7965 | T11: 658.38723 | U11: 556.39181 | V11: 732.41092 | W11: 769.15058 | X11: 744.3213 | Y11: 727.25518 | Z11: 717.89797 | AA11: 647.62348 | AB11: 547.27054 | AC11: 720.37095 | AD11: 756.47171 | AE11: 732.01774 | AF11: 715.20035 | AG11: 707.4128 | AH11: 639.44734 | AI11: 541.4508 | AJ11: 714.15192 | AK11: 751.46256 | AL11: 728.65051 | AM11: 713.364 | AN11: 705.59473 | AO11: 637.80239 | AP11: 540.05663 | AQ11: 712.31133 | AR11: 749.52398 | AS11: 726.76902 | AT11: 711.52024 | AU11: 703.76933 | AV11: 636.15082 | AW11: 538.65685 | AX11: 710.46333 | AY11: 747.57761 | AZ11: 724.87995 | BA11: 709.66907 | BB11: 701.9366 | BC11: 634.49261 | BD11: 537.25145 | BE11: 708.60792 | BF11: 745.62343 | BG11: 722.98332 | BH11: 707.81048 | BI11: 700.09653 | BJ11: 633.1857 | BK11: 536.44693 | BL11: 707.94569 | BM11: 745.34681 | BN11: 723.123 | BO11: 708.34702 | BP11: 701.0231 | BQ11: 634.02356 | BR11: 537.15664 | BS11: 708.88212 | BT11: 746.33252 | BU11: 724.07914 | BV11: 709.28345 | BW11: 701.94968 | BX11: 634.86142 | BY11: 537.86636 | BZ11: 709.81855 | CA11: 747.31824 | CB11: 725.03529 | CC11: 710.21988 | CD11: 702.87625 | CE11: 635.69928 | CF11: 538.57607 | CG11: 710.75498 | CH11: 748.30396 | CI11: 725.99143 | CJ11: 711.15631 | CK11: 703.80282 | CL11: 636.53714 | CM11: 539.28579 | CN11: 711.69141 | CO11: 750.92747 | CP11: 730.12549 | CQ11: 716.7622 | CR11: 710.89097 | CS11: 644.34085 | CT11: 547.07741 | CU11: 723.53144 | CV11: 763.39496 | CW11: 742.22314 | CX11: 728.61451 | CY11: 722.62256 | CZ11: 654.95287 | DA11: 556.06952 | DB11: 735.40012 | DC11: 775.89262 | DD11: 754.35005 | DE11: 740.49547 | DF11: 734.38251 | DG11: 665.59053 | DH11: 565.08335 | DI11: 747.29746 | DJ11: 788.42044 | DK11: 766.50622 | DL11: 752.40509 | DM11: 746.17082 | DN11: 676.25383 | DO11: 574.1189 | DP11: 759.22345 | DQ11: 800.97843 | DR11: 778.69164 | DS11: 768.8355 | DT11: 766.87883 | DU11: 699.0051 | DV11: 596.80204 | DW11: 793.65554 | DX11: 841.96443 | DY11: 823.04923 | DZ11: 812.29434 | EA11: 809.89589 | EB11: 737.91769 | EC11: 629.7753 | ED11: 837.17777 | EE11: 887.79399 | EF11: 867.52008 | EG11: 855.86412 | EH11: 853.02271 | EI11: 776.92952 | EJ11: 662.83263 | EK11: 880.81093 | EL11: 933.74031 | EM11: 912.1042 | EN11: 899.54481 | EO11: 896.2593 | EP11: 816.04061 | EQ11: 695.97403 | ER11: 924.55502 | ES11: 979.8034 | ET11: 956.80157 | EU11: 943.33644 | EV11: 939.60563 | EW11: 855.25095 | EX11: 727.86249 | EY11: 964.88115 | EZ11: 1020.4103 | FA11: 994.40319 | FB11: 978.41188 | FC11: 972.57876 | FD11: 883.49931 | FE11: 751.79905 | FF11: 996.47537 | FG11: 1053.6792 | FH11: 1026.6855 | FI11: 1010.0399 | FJ11: 1003.885 | FK11: 911.81819 | FL11: 775.79534 | FM11: 1028.1484 | FN11: 1087.0311 | FO11: 1059.0483 | FP11: 1041.7467 | FQ11: 1035.2691 | FR11: 940.20757 | FS11: 799.85135 | FT11: 1059.9002 | FU11: 1120.4659 | FV11: 1091.4916 | FW11: 1073.5323 | FX11: 1066.7313 | FY11: 968.66746 | FZ11: 823.96708 | GA11: 1091.7308 | GB11: 1148.5967 | GC11: 1113.5627 | GD11: 1090.0381 | GE11: 1078.0051 | GF11: 974.28625 | GG11: 824.84926 | GH11: 1087.7771 | GI11: 1144.4328 | GJ11: 1109.5217 | GK11: 1086.0784 | GL11: 1074.0852 | GM11: 970.73983 | GN11: 821.84373 | GO11: 1083.8095 | GP11: 1140.2543 | GQ11: 1105.4665 | GR11: 1082.1049 | GS11: 1070.1515 | GT11: 967.18101 | GU11: 818.8277 | GV11: 1079.828 | GW11: 1136.0612 | GX11: 1101.3971 | GY11: 1078.1174 | GZ11: 1066.2041 | HA11: 963.60978 | HB11: 815.80116 | HC11: 1075.8327 | HD11: 1131.8535 | HE11: 1097.3136 | HF11: 1074.1162 | HG11: 1062.624 | HH11: 960.71532 | HI11: 813.63993 | HJ11: 1073.3646 | HK11: 1129.6593 | HL11: 1095.5772 | HM11: 1072.7994 | HN11: 1061.3201 | HO11: 959.53539 | HP11: 812.63971 | HQ11: 1072.0439 | HR11: 1128.268 | HS11: 1094.2266 | HT11: 1071.4757 | HU11: 1060.0093 | HV11: 958.34926 | HW11: 811.63424 | HX11: 1070.7162 | HY11: 1126.8694 | HZ11: 1092.869 | IA11: 1070.1451 | IB11: 1058.6917 | IC11: 957.15693 | ID11: 810.62351 | IE11: 1069.3816 | IF11: 1125.4636 | IG11: 1091.5043 | IH11: 1068.8075 | II11: 1057.3673 | IJ11: 955.95839 | IK11: 809.60753 | IL11: 1066.0264 | IM11: 1119.8102 | IN11: 1083.9619 | IO11: 1059.4038 | IP11: 1046.0661 | IQ11: 943.93334 | IR11: 797.89133 | IS11: 1050.5614 | IT11: 1103.5248 | IU11: 1068.1588 | IV11: 1043.9203 | IW11: 1030.7396 | IX11: 930.06875 | IY11: 786.14255 | IZ11: 1035.0534 | JA11: 1087.1941 | JB11: 1052.3118 | JC11: 1028.3939 | JD11: 1015.3705 | JE11: 916.1657 | JF11: 774.36119 | JG11: 1019.5024 | JH11: 1070.8182 | JI11: 1036.4208 | JJ11: 1012.8245 | JK11: 999.95894 | JL11: 902.22419 | JM11: 762.54726 | JN11: 1003.9084 | JO11: 1054.397 | JP11: 1018.1801 | JQ11: 992.69456 | JR11: 977.79859 | JS11: 880.15723 | JT11: 742.1365 | JU11: 974.70893 | JV11: 1021.2719 | JW11: 986.03658 | JX11: 961.20188 | JY11: 946.62565 | JZ11: 851.95831 | KA11: 718.24135 | KB11: 943.16872 | KC11: 988.05914 | KD11: 953.80809 | KE11: 929.62601 | KF11: 915.3704 | KG11: 823.68494 | KH11: 694.28314 | KI11: 911.5453 | KJ11: 954.75882 | KK11: 921.49465 | KL11: 897.96695 | KM11: 884.03283 | KN11: 795.33714 | KO11: 670.26188 | KP11: 879.8387 | KQ11: 921.37094 | KR11: 889.09627 | KS11: 866.22469 | KT11: 852.61294 | KU11: 772.56721 | KV11: 655.75496 | KW11: 867.00759 | KX11: 914.50898 | KY11: 888.88763 | KZ11: 872.33716 | LA11: 864.91364 | LB11: 783.69385 | LC11: 665.18298 | LD11: 879.45144 | LE11: 927.61207 | LF11: 901.60181 | LG11: 884.79328 | LH11: 877.2427 | LI11: 794.84613 | LJ11: 674.63272 | LK11: 891.92394 | LL11: 940.74533 | LM11: 914.34525 | LN11: 897.27807 | LO11: 889.60011 | LP11: 806.02405 | LQ11: 684.10418 | LR11: 904.42509 | LS11: 953.90875 | LT11: 927.11795 | LU11: 909.7915 | LV11: 901.98588 | LW11: 817.22761 | LX11: 693.59736 | LY11: 912.17814 | LZ11: 957.04418 | MA11: 925.28267 | MB11: 903.21624 | MC11: 890.75061 | MD11: 802.79009 | ME11: 677.74294 | MF11: 891.2512 | MG11: 935.00748 | MH11: 903.89897 | MI11: 882.26553 | MJ11: 870.01259 | MK11: 784.03054 | ML11: 661.84649 | MM11: 870.26879 | MN11: 912.91239 | MO11: 882.45865 | MP11: 861.25935 | MQ11: 849.21969 | MR11: 765.22136 | MS11: 645.908 | MT11: 849.23092 | MU11: 890.75893 | MV11: 860.9617 | MW11: 840.19771 | MX11: 828.37191 | MY11: 746.36255 | MZ11: 629.92748 | NA11: 871.72377 | NB11: 825.11972
A12: 756.86137 | B12: 795.29067 | C12: 770.06803 | D12: 752.85398 | E12: 743.60634 | F12: 671.21328 | G12: 567.54302 | H12: 747.50286 | I12: 785.43544 | J12: 760.50441 | K12: 743.48359 | L12: 734.33067 | M12: 662.82216 | N12: 560.43225 | O12: 738.11662 | P12: 775.55102 | Q12: 750.91248 | R12: 734.08546 | S12: 725.02755 | T12: 654.40622 | U12: 553.30045 | V12: 728.70265 | W12: 765.63741 | X12: 741.29223 | Y12: 724.65961 | Z12: 715.69699 | AA12: 645.96547 | AB12: 546.14764 | AC12: 719.26095 | AD12: 755.6946 | AE12: 731.64367 | AF12: 715.20602 | AG12: 707.41841 | AH12: 639.4524 | AI12: 541.45509 | AJ12: 714.15757 | AK12: 751.46851 | AL12: 728.65628 | AM12: 713.36965 | AN12: 705.60032 | AO12: 637.80744 | AP12: 540.0609 | AQ12: 712.31696 | AR12: 749.52991 | AS12: 726.77476 | AT12: 711.52586 | AU12: 703.77489 | AV12: 636.15584 | AW12: 538.6611 | AX12: 710.46894 | AY12: 747.58351 | AZ12: 724.88567 | BA12: 709.67467 | BB12: 701.94213 | BC12: 634.49761 | BD12: 537.25568 | BE12: 708.61351 | BF12: 745.62931 | BG12: 722.98902 | BH12: 707.81606 | BI12: 700.10204 | BJ12: 633.19069 | BK12: 536.45115 | BL12: 707.95127 | BM12: 745.35267 | BN12: 723.12869 | BO12: 708.35259 | BP12: 701.02862 | BQ12: 634.02855 | BR12: 537.16087 | BS12: 708.8877 | BT12: 746.33839 | BU12: 724.08483 | BV12: 709.28902 | BW12: 701.95519 | BX12: 634.86641 | BY12: 537.87058 | BZ12: 709.82413 | CA12: 747.32411 | CB12: 725.04098 | CC12: 710.22545 | CD12: 702.88176 | CE12: 635.70427 | CF12: 538.5803 | CG12: 710.76056 | CH12: 748.30983 | CI12: 725.99712 | CJ12: 711.16189 | CK12: 703.80834 | CL12: 636.54213 | CM12: 539.29001 | CN12: 711.69699 | CO12: 750.93335 | CP12: 730.13121 | CQ12: 716.76781 | CR12: 710.89653 | CS12: 644.34589 | CT12: 547.08169 | CU12: 723.5371 | CV12: 763.40093 | CW12: 742.22894 | CX12: 728.62021 | CY12: 722.62821 | CZ12: 654.95799 | DA12: 556.07387 | DB12: 735.40587 | DC12: 775.89868 | DD12: 754.35594 | DE12: 740.50125 | DF12: 734.38825 | DG12: 665.59572 | DH12: 565.08776 | DI12: 747.30329 | DJ12: 788.42659 | DK12: 766.51219 | DL12: 752.41096 | DM12: 746.17663 | DN12: 676.2591 | DO12: 574.12337 | DP12: 759.22937 | DQ12: 800.98467 | DR12: 778.69771 | DS12: 769.59859 | DT12: 768.38335 | DU12: 701.04353 | DV12: 599.1032 | DW12: 797.45008 | DX12: 846.75717 | DY12: 828.47302 | DZ12: 818.36543 | EA12: 816.6545 | EB12: 744.70892 | EC12: 636.10387 | ED12: 846.28823 | EE12: 898.18452 | EF12: 878.37575 | EG12: 867.25707 | EH12: 865.04913 | EI12: 788.48597 | EJ12: 673.19911 | EK12: 895.25118 | EL12: 949.74323 | EM12: 928.4059 | EN12: 916.2735 | EO12: 913.56723 | EP12: 832.37468 | EQ12: 710.38894 | ER12: 944.33891 | ES12: 1001.4333 | ET12: 978.56347 | EU12: 965.41472 | EV12: 962.20881 | EW12: 876.37504 | EX12: 745.16282 | EY12: 986.92523 | EZ12: 1042.7903 | FA12: 1015.312 | FB12: 998.10596 | FC12: 991.28986 | FD12: 899.71727 | FE12: 764.94204 | FF12: 1013.032 | FG12: 1070.2809 | FH12: 1041.9872 | FI12: 1024.2404 | FJ12: 1017.1583 | FK12: 923.11718 | FL12: 784.77013 | FM12: 1039.2033 | FN12: 1097.8393 | FO12: 1068.7283 | FP12: 1050.4393 | FQ12: 1043.0905 | FR12: 946.57479 | FS12: 804.64708 | FT12: 1065.439 | FU12: 1125.4655 | FV12: 1095.5352 | FW12: 1076.7027 | FX12: 1069.0866 | FY12: 970.09008 | FZ12: 824.5729 | GA12: 1091.7392 | GB12: 1149.0086 | GC12: 1114.3532 | GD12: 1091.1955 | GE12: 1079.5296 | GF12: 976.00784 | GG12: 826.59826 | GH12: 1090.4685 | GI12: 1147.6699 | GJ12: 1113.0537 | GK12: 1089.9218 | GL12: 1078.2683 | GM12: 974.86644 | GN12: 825.63067 | GO12: 1089.1909 | GP12: 1146.324 | GQ12: 1111.7472 | GR12: 1088.6412 | GS12: 1077.0002 | GT12: 973.71884 | GU12: 824.65784 | GV12: 1087.9063 | GW12: 1144.9707 | GX12: 1110.4335 | GY12: 1087.3536 | GZ12: 1075.7252 | HA12: 972.56504 | HB12: 823.67975 | HC12: 1086.6147 | HD12: 1143.6102 | HE12: 1109.1128 | HF12: 1086.0591 | HG12: 1074.8244 | HH12: 972.09421 | HI12: 823.57223 | HJ12: 1086.8574 | HK12: 1144.2705 | HL12: 1110.1461 | HM12: 1087.4561 | HN12: 1076.2066 | HO12: 973.34413 | HP12: 824.63099 | HQ12: 1088.2543 | HR12: 1145.741 | HS12: 1111.5725 | HT12: 1088.853 | HU12: 1077.5889 | HV12: 974.59405 | HW12: 825.68974 | HX12: 1089.6513 | HY12: 1147.2115 | HZ12: 1112.9989 | IA12: 1090.25 | IB12: 1078.9712 | IC12: 975.84398 | ID12: 826.7485 | IE12: 1091.0483 | IF12: 1148.6819 | IG12: 1114.4253 | IH12: 1091.647 | II12: 1080.3534 | IJ12: 977.0939 | IK12: 827.80726 | IL12: 1089.2439 | IM12: 1143.4116 | IN12: 1106.042 | IO12: 1080.2317 | IP12: 1065.8861 | IQ12: 961.14217 | IR12: 811.86363 | IS12: 1068.199 | IT12: 1121.2505 | IU12: 1084.5373 | IV12: 1059.1622 | IW12: 1045.0303 | IX12: 942.27588 | IY12: 795.87658 | IZ12: 1047.0968 | JA12: 1099.029 | JB12: 1062.9741 | JC12: 1038.0355 | JD12: 1024.1178 | JE12: 923.35832 | JF12: 779.84608 | JG12: 1025.9373 | JH12: 1076.7472 | JI12: 1041.3524 | JJ12: 1016.8514 | JK12: 1003.1486 | JL12: 904.38947 | JM12: 763.77215 | JN12: 1004.7204 | JO12: 1054.405 | JP12: 1017.3927 | JQ12: 991.14429 | JR12: 975.49348 | JS12: 877.37525 | JT12: 739.18891 | JU12: 970.03954 | JV12: 1015.5352 | JW12: 979.67476 | JX12: 954.19018 | JY12: 938.91464 | JZ12: 844.28624 | KA12: 711.15006 | KB12: 933.02997 | KC12: 976.56312 | KD12: 941.85773 | KE12: 917.13901 | KF12: 902.23977 | KG12: 811.11039 | KH12: 683.03765 | KI12: 895.92334 | KJ12: 937.48892 | KK12: 903.94159 | KL12: 879.99079 | KM12: 865.46886 | KN12: 777.84769 | KO12: 654.85168 | KP12: 858.71965 | KQ12: 898.31254 | KR12: 865.92635 | KS12: 842.7455 | KT12: 828.60191 | KU12: 751.21323 | KV12: 637.97034 | KW12: 843.94231 | KX12: 890.65151 | KY12: 866.15516 | KZ12: 850.47438 | LA12: 843.6779 | LB12: 764.85035 | LC12: 649.52566 | LD12: 859.19403 | LE12: 906.71134 | LF12: 881.73842 | LG12: 865.74145 | LH12: 858.78933 | LI12: 778.51952 | LJ12: 661.10813 | LK12: 874.48158 | LL12: 922.80888 | LM12: 897.35826 | LN12: 881.04435 | LO12: 873.93621 | LP12: 792.22074 | LQ12: 672.71775 | LR12: 889.80494 | LS12: 938.94413 | LT12: 913.01467 | LU12: 896.38306 | LV12: 889.11853 | LW12: 805.95401 | LX12: 684.35452 | LY12: 899.98051 | LZ12: 944.20224 | MA12: 912.82372 | MB12: 891.01196 | MC12: 878.6726 | MD12: 791.8665 | ME12: 668.48834 | MF12: 879.03805 | MG12: 922.1492 | MH12: 891.42418 | MI12: 870.04573 | MJ12: 857.91923 | MK12: 773.09307 | ML12: 652.58013 | MM12: 858.04013 | MN12: 900.03778 | MO12: 869.96802 | MP12: 849.02404 | MQ12: 837.11097 | MR12: 754.27 | MS12: 636.62988 | MT12: 836.98674 | MU12: 877.86798 | MV12: 848.45522 | MW12: 827.94688 | MX12: 816.24784 | MY12: 735.39732 | MZ12: 620.6376 | NA12: 858.81883 | NB12: 812.85781
... A24: 561.96596 | B24: 590.09821 | C24: 570.99314 | D24: 557.8463 | E24: 550.61434 | F24: 496.66576 | G24: 419.66264 | H24: 552.34549 | I24: 579.96723 | J24: 561.16204 | K24: 548.21394 | L24: 541.07946 | M24: 488.04025 | N24: 412.35332 | O24: 542.69729 | P24: 569.80706 | Q24: 551.30263 | R24: 538.55385 | S24: 531.51714 | T24: 479.38992 | U24: 405.02299 | V24: 533.02135 | W24: 559.6177 | X24: 541.4149 | Y24: 528.86604 | Z24: 521.92738 | AA24: 470.71478 | AB24: 397.67163 | AC24: 523.31769 | AD24: 549.39915 | AE24: 531.49886 | AF24: 519.15049 | AG24: 513.78339 | AH24: 464.67967 | AI24: 393.6858 | AJ24: 519.54524 | AK24: 546.9936 | AL24: 530.68456 | AM24: 519.8413 | AN24: 514.46693 | AO24: 465.29776 | AP24: 394.20937 | AQ24: 520.23604 | AR24: 547.72077 | AS24: 531.38991 | AT24: 520.53211 | AU24: 515.15047 | AV24: 465.91585 | AW24: 394.73293 | AX24: 520.92685 | AY24: 548.44794 | AZ24: 532.09527 | BA24: 521.22292 | BB24: 515.83401 | BC24: 466.53394 | BD24: 395.25649 | BE24: 521.61766 | BF24: 549.17511 | BG24: 532.80062 | BH24: 521.91373 | BI24: 516.51755 | BJ24: 467.82179 | BK24: 396.9149 | BL24: 524.55496 | BM24: 553.05584 | BN24: 537.33039 | BO24: 527.10006 | BP24: 522.39163 | BQ24: 473.13523 | BR24: 401.4172 | BS24: 530.49748 | BT24: 559.3132 | BU24: 543.40206 | BV24: 533.04852 | BW24: 528.27944 | BX24: 478.46109 | BY24: 405.93002 | BZ24: 536.45387 | CA24: 565.58517 | CB24: 549.48788 | CC24: 539.01085 | CD24: 534.18096 | CE24: 483.79935 | CF24: 410.45334 | CG24: 542.42412 | CH24: 571.87173 | CI24: 555.58787 | CJ24: 544.98704 | CK24: 540.09621 | CL24: 489.15001 | CM24: 414.98717 | CN24: 548.40823 | CO24: 579.83726 | CP24: 564.93151 | CQ24: 555.72236 | CR24: 552.28676 | CS24: 501.592 | CT24: 426.72837 | CU24: 565.4868 | CV24: 597.82116 | CW24: 582.38217 | CX24: 572.81935 | CY24: 569.20986 | CZ24: 516.9003 | DA24: 439.70005 | DB24: 582.60835 | DC24: 615.85031 | DD24: 599.87671 | DE24: 589.95932 | DF24: 586.17549 | DG24: 532.24705 | DH24: 452.70431 | DI24: 599.77289 | DJ24: 633.92471 | DK24: 617.41515 | DL24: 607.14228 | DM24: 603.18365 | DN24: 547.63226 | DO24: 465.74114 | DP24: 616.98041 | DQ24: 652.04435 | DR24: 634.99747 | DS24: 626.18544 | DT24: 623.8312 | DU24: 567.93557 | DV24: 484.3227 | DW24: 643.32383 | DX24: 681.69717 | DY24: 665.62662 | DZ24: 656.19396 | EA24: 653.53462 | EB24: 594.80479 | EC24: 507.09077 | ED24: 673.37592 | EE24: 713.34243 | EF24: 696.33364 | EG24: 686.27874 | EH24: 683.31349 | EI24: 621.74225 | EJ24: 529.91663 | EK24: 703.50428 | EL24: 745.06795 | EM24: 727.11852 | EN24: 716.43978 | EO24: 713.16783 | EP24: 648.74794 | EQ24: 552.8003 | ER24: 733.70889 | ES24: 776.87375 | ET24: 757.98127 | EU24: 746.67708 | EV24: 743.09762 | EW24: 675.82186 | EX24: 575.25115 | EY24: 762.69487 | EZ24: 806.71487 | FA24: 786.27659 | FB24: 773.75159 | FC24: 769.25621 | FD24: 698.90517 | FE24: 594.81106 | FF24: 788.51229 | FG24: 833.9008 | FH24: 812.65634 | FI24: 799.59664 | FJ24: 794.83833 | FK24: 722.04617 | FL24: 614.41983 | FM24: 814.39419 | FN24: 861.1546 | FO24: 839.10193 | FP24: 825.50617 | FQ24: 820.48424 | FR24: 745.24487 | FS24: 634.07747 | FT24: 840.34056 | FU24: 888.47626 | FV24: 865.61335 | FW24: 851.48017 | FX24: 846.19394 | FY24: 768.50125 | FZ24: 653.78397 | GA24: 866.35141 | GB24: 910.9082 | GC24: 882.57109 | GD24: 863.38428 | GE24: 853.31655 | GF24: 770.72995 | GG24: 652.10273 | GH24: 859.42216 | GI24: 903.61112 | GJ24: 875.48989 | GK24: 856.44611 | GL24: 846.44848 | GM24: 764.51681 | GN24: 646.83758 | GO24: 852.47211 | GP24: 896.29216 | GQ24: 868.38746 | GR24: 849.48715 | GS24: 839.55983 | GT24: 758.28505 | GU24: 641.55666 | GV24: 845.50127 | GW24: 888.9513 | GX24: 861.26379 | GY24: 842.50739 | GZ24: 832.6506 | HA24: 752.03469 | HB24: 636.25998 | HC24: 838.50962 | HD24: 881.58854 | HE24: 854.11889 | HF24: 835.50684 | HG24: 826.10184 | HH24: 746.45496 | HI24: 631.82345 | HJ24: 833.03842 | HK24: 876.23221 | HL24: 849.31414 | HM24: 831.18413 | HN24: 821.82267 | HO24: 742.58373 | HP24: 628.54279 | HQ24: 828.70779 | HR24: 871.67157 | HS24: 844.88829 | HT24: 826.84756 | HU24: 817.52979 | HV24: 738.7001 | HW24: 625.25162 | HX24: 824.36329 | HY24: 867.09633 | HZ24: 840.44829 | IA24: 822.49712 | IB24: 813.22318 | IC24: 734.80405 | ID24: 621.94995 | IE24: 820.00493 | IF24: 862.5065 | IG24: 835.99413 | IH24: 818.13281 | II24: 808.90286 | IJ24: 730.89561 | IK24: 618.63776 | IL24: 812.80548 | IM24: 851.94895 | IN24: 822.86243 | IO24: 802.43958 | IP24: 790.57131 | IQ24: 711.7832 | IR24: 600.2995 | IS24: 788.59995 | IT24: 826.45974 | IU24: 798.1285 | IV24: 778.20642 | IW24: 766.58412 | IX24: 690.08441 | IY24: 581.91237 | IZ24: 764.32995 | JA24: 800.90267 | JB24: 773.32874 | JC24: 753.90878 | JD24: 742.53313 | JE24: 668.32794 | JF24: 563.47637 | JG24: 739.99546 | JH24: 775.27773 | JI24: 748.46314 | JJ24: 729.54666 | JK24: 718.41835 | JL24: 646.51377 | JM24: 544.99151 | JN24: 715.59651 | JO24: 749.58492 | JP24: 724.44622 | JQ24: 706.9117 | JR24: 696.8994 | JS24: 627.84915 | JT24: 529.85429 | JU24: 696.51184 | JV24: 730.43095 | JW24: 705.85979 | JX24: 688.70156 | JY24: 678.87408 | JZ24: 611.54346 | KA24: 516.03715 | KB24: 678.27398 | KC24: 711.2259 | KD24: 687.2238 | KE24: 670.44289 | KF24: 660.80075 | KG24: 595.19435 | KH24: 502.18324 | KI24: 659.98758 | KJ24: 691.96976 | KK24: 668.53827 | KL24: 652.13569 | KM24: 642.6794 | KN24: 578.80182 | KO24: 488.29255 | KP24: 641.65265 | KQ24: 672.66254 | KR24: 649.80319 | KS24: 633.77996 | KT24: 624.51003 | KU24: 566.2668 | KV24: 480.97492 | KW24: 636.35353 | KX24: 671.67154 | KY24: 653.29293 | KZ24: 641.55857 | LA24: 636.52323 | LB24: 577.13347 | LC24: 490.18272 | LD24: 648.50681 | LE24: 684.46877 | LF24: 665.71043 | LG24: 653.72413 | LH24: 648.56478 | LI24: 588.02577 | LJ24: 499.41225 | LK24: 660.68874 | LL24: 697.29617 | LM24: 678.15718 | LN24: 665.91835 | LO24: 660.63469 | LP24: 598.9437 | LQ24: 508.66349 | LR24: 672.89933 | LS24: 710.15373 | LT24: 690.6332 | LU24: 678.14122 | LV24: 672.73295 | LW24: 609.88728 | LX24: 517.93644 | LY24: 680.75508 | LZ24: 713.81137 | MA24: 689.70629 | MB24: 672.84929 | MC24: 663.15718 | MD24: 597.30288 | ME24: 503.95042 | MF24: 662.29437 | MG24: 694.37175 | MH24: 670.84278 | MI24: 654.36778 | MJ24: 644.86335 | MK24: 580.75439 | ML24: 489.92762 | MM24: 643.78513 | MN24: 674.88104 | MO24: 651.92971 | MP24: 635.83774 | MQ24: 626.52151 | MR24: 564.16247 | MS24: 475.86804 | MT24: 625.22736 | MU24: 655.33925 | MV24: 632.96709 | MW24: 617.25917 | MX24: 608.13164 | MY24: 547.52714 | MZ24: 461.77167 | NA24: 638.54848 | NB24: 603.95905

Sheet Sheet2
A1: 401.3307 | B1: 422.9236 | C1: 410.69215 | D1: 402.67127 | E1: 398.87507 | F1: 361.0851 | G1: 306.19942 | H1: 404.46069 | I1: 426.21937 | J1: 413.89006 | K1: 405.80424 | L1: 401.97603 | M1: 363.89005 | N1: 308.57613 | O1: 407.59762 | P1: 429.52244 | Q1: 417.09505 | R1: 408.94414 | S1: 405.08386 | T1: 366.70121 | U1: 310.95809 | V1: 410.74148 | W1: 432.83281 | X1: 420.30712 | Y1: 412.09097 | Z1: 408.19854 | AA1: 369.51856 | AB1: 313.34531 | AC1: 413.89227 | AD1: 436.15047 | AE1: 423.52627 | AF1: 415.24473 | AG1: 411.34548 | AH1: 372.38806 | AI1: 315.79616 | AJ1: 417.15271 | AK1: 439.61062 | AL1: 426.90988 | AM1: 418.58529 | AN1: 414.65193 | AO1: 375.37888 | AP1: 318.33036 | AQ1: 420.49751 | AR1: 443.13257 | AS1: 430.32725 | AT1: 421.93326 | AU1: 417.96571 | AV1: 378.37633 | AW1: 320.87018 | AX1: 423.84972 | AY1: 446.66232 | AZ1: 433.7522 | BA1: 425.28865 | BB1: 421.28682 | BC1: 381.3804 | BD1: 323.41561 | BE1: 427.20933 | BF1: 450.19988 | BG1: 437.1847 | BH1: 428.65144 | BI1: 424.61526 | BJ1: 383.36358 | BK1: 324.22557 | BL1: 427.12979 | BM1: 448.90703 | BN1: 434.75734 | BO1: 425.12459 | BP1: 419.98767 | BQ1: 379.17728 | BR1: 320.67803 | BS1: 422.44703 | BT1: 443.97572 | BU1: 429.97195 | BV1: 420.43589 | BW1: 415.34636 | BX1: 374.97858 | BY1: 317.11998 | BZ1: 417.7504 | CA1: 439.02981 | CB1: 425.1724 | CC1: 415.73332 | CD1: 410.69133 | CE1: 370.76748 | CF1: 313.55143 | CG1: 413.03991 | CH1: 434.06932 | CI1: 420.3587 | CJ1: 411.01688 | CK1: 406.02258 | CL1: 366.54396 | CM1: 309.97236 | CN1: 408.31555 | CO1: 431.93372 | CP1: 421.04049 | CQ1: 414.38219 | CR1: 412.02265 | CS1: 374.38498 | CT1: 318.66094 | CU1: 422.48128 | CV1: 446.85039 | CW1: 435.51489 | CX1: 428.56327 | CY1: 426.05951 | CZ1: 387.08247 | DA1: 329.42034 | DB1: 436.68282 | DC1: 461.80478 | DD1: 450.02587 | DE1: 442.78016 | DF1: 440.13182 | DG1: 399.812 | DH1: 340.20688 | DI1: 450.92018 | DJ1: 476.79686 | DK1: 464.57342 | DL1: 457.03288 | DM1: 454.23957 | DN1: 412.57359 | DO1: 351.02058 | DP1: 465.19337 | DQ1: 491.82665 | DR1: 479.15754 | DS1: 472.77241 | DT1: 471.25474 | DU1: 429.26346 | DV1: 366.26269 | DW1: 486.76278 | DX1: 516.0669 | DY1: 504.16067 | DZ1: 497.26892 | EA1: 495.50222 | EB1: 451.19735 | EC1: 384.84874 | ED1: 511.29495 | EE1: 541.89962 | EF1: 529.2275 | EG1: 521.82783 | EH1: 519.81143 | EI1: 473.18706 | EJ1: 403.48207 | EK1: 535.88951 | EL1: 567.79801 | EM1: 554.35805 | EN1: 546.44914 | EO1: 544.18239 | EP1: 495.2326 | EQ1: 422.1627 | ER1: 560.54647 | ES1: 593.76209 | ET1: 579.55231 | EU1: 571.13284 | EV1: 568.61508 | EW1: 517.33397 | EX1: 440.38086 | EY1: 583.92039 | EZ1: 617.66708 | FA1: 602.06173 | FB1: 592.51347 | FC1: 589.11272 | FD1: 535.2739 | FE1: 455.58247 | FF1: 603.98523 | FG1: 638.79551 | FH1: 622.56362 | FI1: 612.5998 | FJ1: 608.9947 | FK1: 553.25871 | FL1: 470.82208 | FM1: 624.10022 | FN1: 659.97672 | FO1: 643.11671 | FP1: 632.73628 | FQ1: 628.92631 | FR1: 571.28838 | FS1: 486.09971 | FT1: 644.26536 | FU1: 681.21072 | FV1: 663.72101 | FW1: 652.92291 | FX1: 648.90754 | FY1: 589.36292 | FZ1: 501.41534 | GA1: 664.48065 | GB1: 699.58259 | GC1: 678.7205 | GD1: 664.84908 | GE1: 657.97218 | GF1: 595.08473 | GG1: 504.16485 | GH1: 665.34032 | GI1: 700.48751 | GJ1: 679.59828 | GK1: 665.70875 | GL1: 658.82281 | GM1: 595.85391 | GN1: 504.81639 | GO1: 666.19999 | GP1: 701.39243 | GQ1: 680.47605 | GR1: 666.56843 | GS1: 659.67343 | GT1: 596.6231 | GU1: 505.46793 | GV1: 667.05967 | GW1: 702.29735 | GX1: 681.35382 | GY1: 667.4281 | GZ1: 660.52406 | HA1: 597.39228 | HB1: 506.11948 | HC1: 667.91934 | HD1: 703.20227 | HE1: 682.2316 | HF1: 668.28778 | HG1: 660.23176 | HH1: 596.09408 | HI1: 504.14375 | HJ1: 664.15612 | HK1: 698.02331 | HL1: 676.02644 | HM1: 661.05292 | HN1: 653.07012 | HO1: 589.61548 | HP1: 498.65374 | HQ1: 656.90938 | HR1: 690.39204 | HS1: 668.62107 | HT1: 653.79727 | HU1: 645.88791 | HV1: 583.11826 | HW1: 493.14796 | HX1: 649.64185 | HY1: 682.73888 | HZ1: 661.19447 | IA1: 646.52083 | IB1: 638.68511 | IC1: 576.60244 | ID1: 487.62643 | IE1: 642.35352 | IF1: 675.06382 | IG1: 653.74663 | IH1: 639.22358 | II1: 631.46174 | IJ1: 570.06801 | IK1: 482.08913 | IL1: 634.2054 | IM1: 665.60027 | IN1: 643.70668 | IO1: 628.54777 | IP1: 620.064 | IQ1: 559.00684 | IR1: 472.08017 | IS1: 620.99402 | IT1: 651.68816 | IU1: 630.20671 | IV1: 615.32103 | IW1: 606.97143 | IX1: 547.16324 | IY1: 462.04406 | IZ1: 607.74682 | JA1: 637.73835 | JB1: 616.67017 | JC1: 602.05848 | JD1: 593.84342 | JE1: 535.28759 | JF1: 451.9808 | JG1: 594.46379 | JH1: 623.75084 | JI1: 603.09705 | JJ1: 588.7601 | JK1: 580.67996 | JL1: 523.37988 | JM1: 441.8904 | JN1: 581.14495 | JO1: 609.72561 | JP1: 588.75854 | JQ1: 573.99805 | JR1: 565.36144 | JS1: 508.88409 | JT1: 429.06596 | JU1: 563.50361 | JV1: 590.39739 | JW1: 570.00308 | JX1: 555.62237 | JY1: 547.17233 | JZ1: 492.43029 | KA1: 415.12337 | KB1: 545.10019 | KC1: 571.01808 | KD1: 551.19807 | KE1: 537.19816 | KF1: 528.9352 | KG1: 475.93306 | KH1: 401.14399 | KI1: 526.64825 | KJ1: 551.58768 | KK1: 532.34351 | KL1: 518.72542 | KM1: 510.65005 | KN1: 459.39241 | KO1: 387.12784 | KP1: 508.14778 | KQ1: 532.1062 | KR1: 513.4394 | KS1: 500.20415 | KT1: 492.31688 | KU1: 445.62261 | KV1: 377.84345 | KW1: 499.03824 | KX1: 525.8244 | KY1: 510.55518 | KZ1: 500.52351 | LA1: 495.74501 | LB1: 448.72342 | LC1: 380.4708 | LD1: 502.50591 | LE1: 529.47566 | LF1: 514.09794 | LG1: 503.99424 | LH1: 499.18022 | LI1: 451.83065 | LJ1: 383.10358 | LK1: 505.98074 | LL1: 533.13445 | LM1: 517.64802 | LN1: 507.47214 | LO1: 502.62252 | LP1: 454.94429 | LQ1: 385.74179 | LR1: 509.46273 | LS1: 536.80078 | LT1: 521.20541 | LU1: 510.95721 | LV1: 506.07192 | LW1: 458.06434 | LX1: 388.38543 | LY1: 509.78949 | LZ1: 533.81578 | MA1: 515.0797 | MB1: 501.79302 | MC1: 493.87159 | MD1: 444.19844 | ME1: 374.23904 | MF1: 491.11718 | MG1: 514.15342 | MH1: 496.00013 | MI1: 483.09991 | MJ1: 475.36839 | MK1: 427.46062 | ML1: 360.05587 | MM1: 472.39634 | MN1: 494.43998 | MO1: 476.87101 | MP1: 464.35827 | MQ1: 456.81718 | MR1: 410.67938 | MS1: 345.83592 | MT1: 453.62698 | MU1: 474.67545 | MV1: 457.69234 | MW1: 445.56811 | MX1: 438.21794 | MY1: 393.85472 | MZ1: 331.57919 | NA1: 457.69377 | NB1: 432.11685
A2: 366.93385 | B2: 386.32003 | C2: 374.80208 | D2: 367.14438 | E2: 363.34914 | F2: 328.62318 | G2: 278.41636 | H2: 367.42509 | I2: 386.83712 | J2: 375.30367 | K2: 367.63562 | L2: 363.83521 | M2: 329.06272 | N2: 278.78867 | O2: 367.91633 | P2: 387.35422 | Q2: 375.80525 | R2: 368.12687 | S2: 364.32128 | T2: 329.50225 | U2: 279.16098 | V2: 368.40758 | W2: 387.87132 | X2: 376.30683 | Y2: 368.61811 | Z2: 364.80736 | AA2: 329.94178 | AB2: 279.53329 | AC2: 368.89882 | AD2: 388.38842 | AE2: 376.80842 | AF2: 369.10935 | AG2: 365.68706 | AH2: 331.09334 | AI2: 280.81046 | AJ2: 370.98226 | AK2: 391.00091 | AL2: 379.74951 | AM2: 372.38853 | AN2: 368.93277 | AO2: 334.02924 | AP2: 283.29814 | AQ2: 374.26567 | AR2: 394.45825 | AS2: 383.10421 | AT2: 375.67512 | AU2: 372.18581 | AV2: 336.97177 | AW2: 285.79144 | AX2: 377.5565 | AY2: 397.92339 | AZ2: 386.46647 | BA2: 378.96912 | BB2: 375.44618 | BC2: 339.92092 | BD2: 288.29035 | BE2: 380.85473 | BF2: 401.39633 | BG2: 389.83631 | BH2: 382.27053 | BI2: 378.71389 | BJ2: 342.18399 | BK2: 289.6211 | BL2: 381.83682 | BM2: 401.61533 | BN2: 389.2581 | BO2: 380.92961 | BP2: 376.62033 | BQ2: 340.28998 | BR2: 288.01601 | BS2: 379.71802 | BT2: 399.38396 | BU2: 387.09266 | BV2: 378.80784 | BW2: 374.5199 | BX2: 338.38978 | BY2: 286.40568 | BZ2: 377.59228 | CA2: 397.1453 | CB2: 384.92015 | CC2: 376.67912 | CD2: 372.41262 | CE2: 336.48337 | CF2: 284.79009 | CG2: 375.45961 | CH2: 394.89934 | CI2: 382.74055 | CJ2: 374.54348 | CK2: 370.29848 | CL2: 334.57076 | CM2: 283.16924 | CN2: 373.32 | CO2: 394.27055 | CP2: 383.70594 | CQ2: 377.03238 | CR2: 374.28892 | CS2: 339.56113 | CT2: 288.56744 | CU2: 381.98836 | CV2: 403.39837 | CW2: 392.56307 | CX2: 385.70995 | CY2: 382.87819 | CZ2: 347.33077 | DA2: 295.15111 | DB2: 390.67822 | DC2: 412.54882 | DD2: 401.44214 | DE2: 394.40902 | DF2: 391.48873 | DG2: 355.11963 | DH2: 301.75107 | DI2: 399.38956 | DJ2: 421.72189 | DK2: 410.34315 | DL2: 403.12958 | DM2: 400.12053 | DN2: 362.92773 | DO2: 308.36731 | DP2: 408.1224 | DQ2: 430.91759 | DR2: 419.26611 | DS2: 414.10492 | DT2: 413.19398 | DU2: 376.75192 | DV2: 321.77404 | DW2: 428.05153 | DX2: 454.25407 | DY2: 444.19106 | DZ2: 438.52486 | EA2: 437.36569 | EB2: 398.6173 | EC2: 340.30205 | ED2: 452.50713 | EE2: 480.00619 | EF2: 469.17971 | EG2: 463.0072 | EH2: 461.59914 | EI2: 420.5385 | EJ2: 358.87736 | EK2: 477.02512 | EL2: 505.82399 | EM2: 494.23208 | EN2: 487.55194 | EO2: 485.89433 | EP2: 442.51553 | EQ2: 377.49995 | ER2: 501.60551 | ES2: 531.70746 | ET2: 519.34815 | EU2: 512.15907 | EV2: 510.25126 | EW2: 464.54838 | EX2: 395.66007 | EY2: 524.90285 | EZ2: 555.53183 | FA2: 541.77937 | FB2: 533.4631 | FC2: 530.6731 | FD2: 482.41978 | FE2: 410.80362 | FF2: 544.89108 | FG2: 576.57962 | FH2: 562.20304 | FI2: 553.47282 | FJ2: 550.47929 | FK2: 500.33604 | FL2: 425.98517 | FM2: 564.92947 | FN2: 597.6802 | FO2: 582.67791 | FP2: 573.5327 | FQ2: 570.33509 | FR2: 518.29716 | FS2: 441.20474 | FT2: 585.018 | FU2: 618.83356 | FV2: 603.20399 | FW2: 593.64272 | FX2: 590.24052 | FY2: 536.30316 | FZ2: 456.46231 | GA2: 605.15668 | GB2: 636.31878 | GC2: 616.56133 | GD2: 603.19433 | GE2: 596.19713 | GF2: 538.5284 | GG2: 455.66863 | GH2: 600.57391 | GI2: 631.49273 | GJ2: 611.87804 | GK2: 598.60562 | GL2: 591.65475 | GM2: 534.41917 | GN2: 452.18636 | GO2: 595.97727 | GP2: 626.65208 | GQ2: 607.18058 | GR2: 594.00304 | GS2: 587.09866 | GT2: 530.29752 | GU2: 448.69359 | GV2: 591.36677 | GW2: 621.79683 | GX2: 602.46897 | GY2: 589.38659 | GZ2: 582.52885 | HA2: 526.16348 | HB2: 445.1903 | HC2: 586.7424 | HD2: 616.92699 | HE2: 597.7432 | HF2: 584.75628 | HG2: 578.3263 | HH2: 522.70615 | HI2: 442.55227 | HJ2: 583.64514 | HK2: 614.07053 | HL2: 595.36427 | HM2: 582.8103 | HN2: 576.39982 | HO2: 520.96324 | HP2: 441.07517 | HQ2: 581.6952 | HR2: 612.01691 | HS2: 593.37126 | HT2: 580.85739 | HU2: 574.46649 | HV2: 519.21412 | HW2: 439.59282 | HX2: 579.73832 | HY2: 609.956 | HZ2: 591.37116 | IA2: 578.89754 | IB2: 572.52629 | IC2: 517.4588 | ID2: 438.10521 | IE2: 577.77451 | IF2: 607.88779 | IG2: 589.36399 | IH2: 576.93076 | II2: 570.57923 | IJ2: 515.69728 | IK2: 436.61234 | IL2: 574.59047 | IM2: 603.25749 | IN2: 583.63183 | IO2: 570.10117 | IP2: 562.61826 | IQ2: 507.41007 | IR2: 428.67027 | IS2: 564.10724 | IT2: 592.21821 | IU2: 572.91955 | IV2: 559.60566 | IW2: 552.22918 | IX2: 498.01203 | IY2: 420.70647 | IZ2: 553.59536 | JA2: 581.14876 | JB2: 562.178 | JC2: 549.0815 | JD2: 541.81175 | JE2: 488.58835 | JF2: 412.72095 | JG2: 543.05483 | JH2: 570.04915 | JI2: 551.4072 | JJ2: 538.52868 | JK2: 531.36597 | JL2: 479.13903 | JM2: 404.71372 | JN2: 532.48563 | JO2: 558.91938 | JP2: 539.46751 | JQ2: 525.71454 | JR2: 517.57748 | JS2: 465.66732 | JT2: 392.45215 | JU2: 515.18492 | JV2: 539.52636 | JW2: 520.64921 | JX2: 507.27731 | JY2: 499.32747 | JZ2: 449.15845 | KA2: 378.46291 | KB2: 496.71996 | KC2: 520.08226 | KD2: 501.78135 | KE2: 488.79155 | KF2: 481.02943 | KG2: 432.60615 | KH2: 364.43689 | KI2: 478.20647 | KJ2: 500.58708 | KK2: 482.86395 | KL2: 470.25726 | KM2: 462.68338 | KN2: 416.01043 | KO2: 350.37408 | KP2: 459.64445 | KQ2: 481.04081 | KR2: 463.89699 | KS2: 451.67444 | KT2: 444.28931 | KU2: 402.18558 | KV2: 341.04309 | KW2: 450.47343 | KX2: 474.69432 | KY2: 460.95005 | KZ2: 451.93239 | LA2: 447.6567 | LB2: 405.23147 | LC2: 343.62391 | LD2: 453.87972 | LE2: 478.28096 | LF2: 464.43013 | LG2: 455.34174 | LH2: 451.03118 | LI2: 408.28378 | LJ2: 346.21017 | LK2: 457.29316 | LL2: 481.87514 | LM2: 467.91753 | LN2: 458.75826 | LO2: 454.41274 | LP2: 411.34249 | LQ2: 348.80186 | LR2: 460.71377 | LS2: 485.47686 | LT2: 471.41225 | LU2: 462.18194 | LV2: 457.8014 | LW2: 414.40761 | LX2: 351.39898 | LY2: 461.37278 | LZ2: 483.2561 | MA2: 466.43007 | MB2: 454.53177 | MC2: 447.48921 | MD2: 402.60192 | ME2: 339.29667 | MF2: 445.39853 | MG2: 466.43484 | MH2: 450.10738 | MI2: 438.53968 | MJ2: 431.65958 | MK2: 388.28257 | ML2: 327.16285 | MM2: 429.38267 | MN2: 449.56979 | MO2: 433.74221 | MP2: 422.506 | MQ2: 415.7888 | MR2: 373.92602 | MS2: 314.99749 | MT2: 413.32522 | MU2: 432.66095 | MV2: 417.33458 | MW2: 406.43073 | MX2: 399.87685 | MY2: 359.53224 | MZ2: 302.80061 | NA2: 418.13282 | NB2: 394.92292
A3: 344.00322 | B3: 362.56735 | C3: 352.13541 | D3: 345.31092 | E3: 342.10766 | F3: 309.74307 | G3: 262.70139 | H3: 347.0565 | I3: 365.78237 | J3: 355.25499 | K3: 348.36717 | L3: 345.13272 | M3: 312.47938 | N3: 265.01996 | O3: 350.11671 | P3: 369.00469 | Q3: 358.38164 | R3: 351.43035 | S3: 348.16464 | T3: 315.22189 | U3: 267.34378 | V3: 353.18386 | W3: 372.2343 | X3: 361.51538 | Y3: 354.50047 | Z3: 351.20342 | AA3: 317.97061 | AB3: 269.67286 | AC3: 356.25793 | AD3: 375.47121 | AE3: 364.6562 | AF3: 357.57752 | AG3: 353.48717 | AH3: 319.3474 | AI3: 270.25582 | AJ3: 356.25724 | AK3: 374.65979 | AL3: 363.08243 | AM3: 355.26545 | AN3: 351.1984 | AO3: 317.27681 | AP3: 268.50111 | AQ3: 353.94094 | AR3: 372.22046 | AS3: 360.71521 | AT3: 352.94597 | AU3: 348.90229 | AV3: 315.1996 | AW3: 266.74078 | AX3: 351.61723 | AY3: 369.77333 | AZ3: 358.34041 | BA3: 350.61908 | BB3: 346.59884 | BC3: 313.11575 | BD3: 264.97484 | BE3: 349.28611 | BF3: 367.3184 | BG3: 355.95805 | BH3: 348.28478 | BI3: 344.28807 | BJ3: 311.38318 | BK3: 263.80974 | BL3: 348.14808 | BM3: 366.54092 | BN3: 355.61187 | BO3: 348.34546 | BP3: 344.74376 | BQ3: 311.79525 | BR3: 264.15878 | BS3: 348.60862 | BT3: 367.0257 | BU3: 356.0821 | BV3: 348.806 | BW3: 345.19945 | BX3: 312.20731 | BY3: 264.50782 | BZ3: 349.06916 | CA3: 367.51048 | CB3: 356.55234 | CC3: 349.26654 | CD3: 345.65514 | CE3: 312.61937 | CF3: 264.85686 | CG3: 349.5297 | CH3: 367.99526 | CI3: 357.02257 | CJ3: 349.72708 | CK3: 346.11084 | CL3: 313.03143 | CM3: 265.2059 | CN3: 349.99024 | CO3: 370.11772 | CP3: 360.67052 | CQ3: 354.85678 | CR3: 352.72771 | CS3: 320.4089 | CT3: 272.6364 | CU3: 361.35369 | CV3: 382.08356 | CW3: 372.28157 | CX3: 366.23252 | CY3: 363.98775 | CZ3: 330.59452 | DA3: 281.26732 | DB3: 372.7458 | DC3: 394.07956 | DD3: 383.92187 | DE3: 377.63691 | DF3: 375.27615 | DG3: 340.80577 | DH3: 289.91996 | DI3: 384.16657 | DJ3: 406.10573 | DK3: 395.59143 | DL3: 389.06995 | DM3: 386.59289 | DN3: 351.04266 | DO3: 298.59431 | DP3: 395.61599 | DQ3: 418.16206 | DR3: 407.29025 | DS3: 401.61676 | DT3: 400.08577 | DU3: 364.21895 | DV3: 310.58182 | DW3: 412.52367 | DX3: 437.10828 | DY3: 426.78271 | DZ3: 420.71425 | EA3: 418.98909 | EB3: 381.31857 | EC3: 325.07146 | ED3: 431.64888 | EE3: 457.24739 | EF3: 446.32471 | EG3: 439.86026 | EH3: 437.94042 | EI3: 398.46162 | EJ3: 339.59789 | EK3: 450.82262 | EL3: 477.43757 | EM3: 465.91627 | EN3: 459.0548 | EO3: 456.93978 | EP3: 415.64809 | EQ3: 354.16109 | ER3: 470.0449 | ES3: 497.67884 | ET3: 485.55738 | EU3: 478.29787 | EV3: 475.98715 | EW3: 432.87798 | EX3: 368.82841 | EY3: 489.4934 | EZ3: 518.25183 | FA3: 505.61106 | FB3: 498.03398 | FC3: 495.61043 | FD3: 450.7083 | FE3: 383.93716 | FF3: 509.43573 | FG3: 539.2513 | FH3: 525.98786 | FI3: 517.9978 | FJ3: 515.37119 | FK3: 468.58349 | FL3: 399.08393 | FM3: 529.42821 | FN3: 560.30355 | FO3: 546.41587 | FP3: 538.01177 | FQ3: 535.18158 | FR3: 486.50355 | FS3: 414.2687 | FT3: 549.47084 | FU3: 581.40859 | FV3: 566.89507 | FW3: 558.07589 | FX3: 555.04159 | FY3: 504.46847 | FZ3: 429.49148 | GA3: 569.56361 | GB3: 599.24846 | GC3: 580.98744 | GD3: 568.73046 | GE3: 562.46875 | GF3: 508.3665 | GG3: 430.40542 | GH3: 567.61761 | GI3: 597.19899 | GJ3: 578.99845 | GK3: 566.78149 | GL3: 560.53931 | GM3: 506.62091 | GN3: 428.92605 | GO3: 565.66468 | GP3: 595.14223 | GQ3: 577.00238 | GR3: 564.82558 | GS3: 558.60302 | GT3: 504.86911 | GU3: 427.44143 | GV3: 563.70481 | GW3: 593.07817 | GX3: 574.99923 | GY3: 562.86274 | GZ3: 556.65986 | HA3: 503.11112 | HB3: 425.95155 | HC3: 561.73801 | HD3: 591.00681 | HE3: 572.989 | HF3: 560.89297 | HG3: 554.70984 | HH3: 501.34692 | HI3: 424.45642 | HJ3: 559.76428 | HK3: 588.92816 | HL3: 570.97169 | HM3: 558.91627 | HN3: 552.75297 | HO3: 499.57651 | HP3: 422.95603 | HQ3: 557.78361 | HR3: 586.8422 | HS3: 568.9473 | HT3: 556.93263 | HU3: 550.78923 | HV3: 497.79991 | HW3: 421.45039 | HX3: 555.79601 | HY3: 584.74895 | HZ3: 566.91584 | IA3: 554.94206 | IB3: 548.81863 | IC3: 496.0171 | ID3: 419.9395 | IE3: 553.80148 | IF3: 582.6484 | IG3: 564.87729 | IH3: 552.94456 | II3: 546.84118 | IJ3: 494.22809 | IK3: 418.42335 | IL3: 550.5867 | IM3: 577.98574 | IN3: 559.11374 | IO3: 546.0842 | IP3: 538.84976 | IQ3: 485.91334 | IR3: 410.45794 | IS3: 540.07269 | IT3: 566.91405 | IU3: 548.37002 | IV3: 535.55791 | IW3: 528.43022 | IX3: 476.48775 | IY3: 402.47081 | IZ3: 529.53002 | JA3: 555.81219 | JB3: 537.59704 | JC3: 525.00296 | JD3: 517.98232 | JE3: 467.03652 | JF3: 394.46196 | JG3: 518.95869 | JH3: 544.68017 | JI3: 526.7948 | JJ3: 514.41935 | JK3: 507.50607 | JL3: 457.55966 | JM3: 386.43139 | JN3: 508.35871 | JO3: 533.51799 | JP3: 514.82367 | JQ3: 501.57441 | JR3: 493.6871 | JS3: 444.06037 | JT3: 374.14646 | JU3: 491.02717 | JV3: 514.09251 | JW3: 495.97387 | JX3: 483.10633 | JY3: 475.40656 | JZ3: 427.5239 | KA3: 360.13384 | KB3: 472.53136 | KC3: 494.61594 | KD3: 477.07452 | KE3: 464.58973 | KF3: 457.078 | KG3: 410.944 | KH3: 346.08443 | KI3: 453.98702 | KJ3: 475.08828 | KK3: 458.12561 | KL3: 446.02459 | KM3: 438.70143 | KN3: 394.32068 | KO3: 331.99825 | KP3: 435.39415 | KQ3: 455.50954 | KR3: 439.12716 | KS3: 427.41092 | KT3: 420.27684 | KU3: 380.46825 | KV3: 322.64391 | KW3: 426.19236 | KX3: 449.13068 | KY3: 436.14884 | KZ3: 427.63817 | LA3: 423.61387 | LB3: 383.48669 | LC3: 325.20148 | LD3: 429.56796 | LE3: 452.68502 | LF3: 439.5976 | LG3: 431.01684 | LH3: 426.95798 | LI3: 386.51154 | LJ3: 327.76449 | LK3: 432.95072 | LL3: 456.24691 | LM3: 443.05367 | LN3: 434.40267 | LO3: 430.30919 | LP3: 389.54281 | LQ3: 330.33292 | LR3: 436.34065 | LS3: 459.81633 | LT3: 446.51706 | LU3: 437.79567 | LV3: 433.66749 | LW3: 392.58048 | LX3: 332.90679 | LY3: 436.96896 | LZ3: 457.56323 | MA3: 441.50349 | MB3: 430.11474 | MC3: 423.32484 | MD3: 380.74722 | ME3: 320.78112 | MF3: 420.96388 | MG3: 440.70952 | MH3: 425.14933 | MI3: 414.09183 | MJ3: 407.46471 | MK3: 366.40029 | ML3: 308.62393 | MM3: 404.9172 | MN3: 423.81202 | MO3: 408.75269 | MP3: 398.02732 | MQ3: 391.56343 | MR3: 352.01615 | MS3: 296.43521 | MT3: 388.82892 | MU3: 406.87074 | MV3: 392.31357 | MW3: 381.92121 | MX3: 375.62098 | MY3: 337.5948 | MZ3: 284.21497 | NA3: 392.31479 | NB3: 370.39139
A4: 332.5391 | B4: 350.88699 | C4: 341.18112 | D4: 334.95056 | E4: 332.22069 | F4: 301.13229 | G4: 255.68683 | H4: 338.16981 | I4: 356.81613 | J4: 346.93441 | K4: 340.58721 | L4: 337.79996 | M4: 306.17915 | N4: 259.96332 | O4: 343.81438 | P4: 362.75987 | Q4: 352.70186 | R4: 346.23772 | S4: 343.39296 | T4: 311.23842 | U4: 264.25032 | V4: 349.47281 | W4: 368.7182 | X4: 358.48347 | Y4: 351.9021 | Z4: 348.99967 | AA4: 316.31009 | AB4: 268.54783 | AC4: 355.14512 | AD4: 374.69113 | AE4: 364.27923 | AF4: 357.58035 | AG4: 353.09633 | AH4: 318.63789 | AI4: 269.35308 | AJ4: 354.66784 | AK4: 372.56732 | AL4: 360.64576 | AM4: 352.48028 | AN4: 348.04785 | AO4: 314.07088 | AP4: 265.48295 | AQ4: 349.5593 | AR4: 367.18768 | AS4: 355.42535 | AT4: 347.36539 | AU4: 342.98471 | AV4: 309.49061 | AW4: 261.60158 | AX4: 344.43594 | AY4: 361.79244 | AZ4: 350.18981 | BA4: 342.23568 | BB4: 337.9069 | BC4: 304.89708 | BD4: 257.70899 | BE4: 339.29776 | BF4: 356.3816 | BG4: 344.93913 | BH4: 337.09114 | BI4: 332.81442 | BJ4: 301.00611 | BK4: 255.01809 | BL4: 336.5458 | BM4: 354.32568 | BN4: 343.76084 | BO4: 336.73659 | BP4: 333.25492 | BQ4: 301.40444 | BR4: 255.35549 | BS4: 336.99098 | BT4: 354.7943 | BU4: 344.21541 | BV4: 337.18178 | BW4: 333.69543 | BX4: 301.80277 | BY4: 255.6929 | BZ4: 337.43617 | CA4: 355.26292 | CB4: 344.66997 | CC4: 337.62697 | CD4: 334.13593 | CE4: 302.20109 | CF4: 256.0303 | CG4: 337.88136 | CH4: 355.73154 | CI4: 345.12453 | CJ4: 338.07216 | CK4: 334.57643 | CL4: 302.59942 | CM4: 256.36771 | CN4: 338.32655 | CO4: 357.83786 | CP4: 348.75683 | CQ4: 343.18655 | CR4: 341.17816 | CS4: 309.96321 | CT4: 263.78664 | CU4: 349.67474 | CV4: 369.78763 | CW4: 360.35228 | CX4: 354.54702 | CY4: 352.4231 | CZ4: 320.13517 | DA4: 272.40598 | DB4: 361.05158 | DC4: 381.76756 | DD4: 371.977 | DE4: 365.93614 | DF4: 363.69639 | DG4: 330.33276 | DH4: 281.04705 | DI4: 372.45708 | DJ4: 393.77766 | DK4: 383.63097 | DL4: 377.35392 | DM4: 374.99803 | DN4: 340.556 | DO4: 289.70983 | DP4: 383.89123 | DQ4: 405.81792 | DR4: 395.3142 | DS4: 390.264 | DT4: 389.22505 | DU4: 354.73508 | DV4: 302.83398 | DW4: 402.67775 | DX4: 427.14107 | DY4: 417.49966 | DZ4: 411.99995 | EA4: 410.74003 | EB4: 374.1972 | EC4: 319.32556 | ED4: 424.44539 | EE4: 450.06271 | EF4: 439.74174 | EG4: 433.79135 | EH4: 432.3099 | EI4: 393.70896 | EJ4: 335.85916 | EK4: 446.26849 | EL4: 473.04274 | EM4: 462.04045 | EN4: 455.63822 | EO4: 453.93464 | EP4: 413.27033 | EQ4: 352.4348 | ER4: 468.14705 | ES4: 496.08114 | ET4: 484.3958 | EU4: 477.54056 | EV4: 475.61426 | EW4: 432.88134 | EX4: 368.5331 | EY4: 488.71022 | EZ4: 517.01302 | FA4: 504.0073 | FB4: 496.0693 | FC4: 493.27646 | FD4: 448.24503 | FE4: 381.5517 | FF4: 505.89369 | FG4: 535.10735 | FH4: 521.56506 | FI4: 513.27119 | FJ4: 510.30335 | FK4: 463.64718 | FL4: 394.60289 | FM4: 523.12014 | FN4: 553.24692 | FO4: 539.16672 | FP4: 530.51606 | FQ4: 527.37278 | FR4: 479.0878 | FS4: 407.68665 | FT4: 540.38958 | FU4: 571.43174 | FV4: 556.81226 | FW4: 547.80392 | FX4: 544.48474 | FY4: 494.56687 | FZ4: 420.80299 | GA4: 557.702 | GB4: 586.76024 | GC4: 568.87163 | GD4: 556.86226 | GE4: 550.7233 | GF4: 497.74365 | GG4: 421.40558 | GH4: 555.74062 | GI4: 584.69459 | GJ4: 566.86694 | GK4: 554.89791 | GL4: 548.77866 | GM4: 495.9843 | GN4: 419.91456 | GO4: 553.77232 | GP4: 582.62165 | GQ4: 564.85517 | GR4: 552.92664 | GS4: 546.82715 | GT4: 494.21876 | GU4: 418.41828 | GV4: 551.79708 | GW4: 580.54141 | GX4: 562.83632 | GY4: 550.94843 | GZ4: 544.86878 | HA4: 492.44701 | HB4: 416.91676 | HC4: 549.81491 | HD4: 578.45387 | HE4: 560.8104 | HF4: 548.96328 | HG4: 543.28454 | HH4: 491.3582 | HI4: 416.28575 | HJ4: 549.3668 | HK4: 578.38703 | HL4: 561.13843 | HM4: 549.66944 | HN4: 543.98327 | HO4: 491.99002 | HP4: 416.82095 | HQ4: 550.07296 | HR4: 579.13036 | HS4: 561.85946 | HT4: 550.3756 | HU4: 544.682 | HV4: 492.62185 | HW4: 417.35614 | HX4: 550.77912 | HY4: 579.87369 | HZ4: 562.58048 | IA4: 551.08177 | IB4: 545.38072 | IC4: 493.25368 | ID4: 417.89134 | IE4: 551.48529 | IF4: 580.61702 | IG4: 563.30151 | IH4: 551.78793 | II4: 546.07945 | IJ4: 493.88551 | IK4: 418.42653 | IL4: 550.59089 | IM4: 577.99014 | IN4: 559.11799 | IO4: 546.08836 | IP4: 538.85386 | IQ4: 485.91704 | IR4: 410.46106 | IS4: 540.07679 | IT4: 566.91836 | IU4: 548.37419 | IV4: 535.56198 | IW4: 528.43423 | IX4: 476.49137 | IY4: 402.47386 | IZ4: 529.53404 | JA4: 555.81641 | JB4: 537.60112 | JC4: 525.00694 | JD4: 517.98625 | JE4: 467.04007 | JF4: 394.46495 | JG4: 518.96263 | JH4: 544.6843 | JI4: 526.79879 | JJ4: 514.42325 | JK4: 507.50992 | JL4: 457.56312 | JM4: 386.43432 | JN4: 508.36256 | JO4: 533.52203 | JP4: 514.43002 | JQ4: 500.79936 | JR4: 492.53465 | JS4: 442.6695 | JT4: 372.67277 | JU4: 488.69264 | JV4: 511.22435 | JW4: 492.79317 | JX4: 479.60071 | JY4: 471.5513 | JZ4: 423.68811 | KA4: 356.58841 | KB4: 467.4623 | KC4: 488.86828 | KD4: 471.0997 | KE4: 458.3466 | KF4: 450.51308 | KG4: 404.6571 | KH4: 340.46202 | KI4: 446.1765 | KJ4: 466.45383 | KK4: 449.34959 | KL4: 437.03703 | KM4: 429.41998 | KN4: 385.57646 | KO4: 324.29359 | KP4: 424.83523 | KQ4: 443.981 | KR4: 427.54285 | KS4: 415.67199 | KT4: 408.272 | KU4: 369.97286 | KV4: 314.05879 | KW4: 415.26747 | KX4: 438.05485 | KY4: 425.81677 | KZ4: 417.92226 | LA4: 414.39927 | LB4: 375.51531 | LC4: 318.75513 | LD4: 421.46607 | LE4: 444.58185 | LF4: 432.15004 | LG4: 424.127 | LH4: 420.54072 | LI4: 381.07058 | LJ4: 323.46232 | LK4: 427.679 | LL4: 451.12392 | LM4: 438.49794 | LN4: 430.34606 | LO4: 426.69635 | LP4: 386.63867 | LQ4: 328.18037 | LR4: 433.90625 | LS4: 457.68108 | LT4: 444.86048 | LU4: 436.57946 | LV4: 432.86615 | LW4: 392.21958 | LX4: 332.90928 | LY4: 436.57857 | LZ4: 456.73773 | MA4: 440.30049 | MB4: 428.54243 | MC4: 421.37898 | MD4: 378.63479 | ME4: 318.69275 | MF4: 417.81372 | MG4: 436.97796 | MH4: 421.12644 | MI4: 409.75678 | MJ4: 402.78422 | MK4: 361.81417 | ML4: 304.43945 | MM4: 399.00034 | MN4: 417.16711 | MO4: 401.90283 | MP4: 390.92261 | MQ4: 384.14144 | MR4: 344.95013 | MS4: 290.14936 | MT4: 380.13843 | MU4: 397.30517 | MV4: 382.62967 | MW4: 372.0399 | MX4: 365.45063 | MY4: 328.04267 | MZ4: 275.82249 | NA4: 380.23999 | NB4: 358.52254
A5: 344.00871 | B5: 362.57313 | C5: 352.14102 | D5: 345.31642 | E5: 342.11311 | F5: 309.748 | G5: 262.70558 | H5: 347.06203 | I5: 365.78819 | J5: 355.26064 | K5: 348.37271 | L5: 345.13821 | M5: 312.48435 | N5: 265.02417 | O5: 350.12228 | P5: 369.01055 | Q5: 358.38734 | R5: 351.43594 | S5: 348.17017 | T5: 315.2269 | U5: 267.34803 | V5: 353.18946 | W5: 372.24021 | X5: 361.52112 | Y5: 354.50609 | Z5: 351.20899 | AA5: 317.97565 | AB5: 269.67713 | AC5: 356.26358 | AD5: 375.47716 | AE5: 364.66198 | AF5: 357.58318 | AG5: 353.49277 | AH5: 319.35246 | AI5: 270.2601 | AJ5: 356.26288 | AK5: 374.66572 | AL5: 363.08818 | AM5: 355.27107 | AN5: 351.20395 | AO5: 317.28183 | AP5: 268.50535 | AQ5: 353.94654 | AR5: 372.22634 | AS5: 360.72091 | AT5: 352.95155 | AU5: 348.9078 | AV5: 315.20458 | AW5: 266.74499 | AX5: 351.62278 | AY5: 369.77917 | AZ5: 358.34607 | BA5: 350.62462 | BB5: 346.60431 | BC5: 313.12069 | BD5: 264.97902 | BE5: 349.29161 | BF5: 367.32419 | BG5: 355.96366 | BH5: 348.29027 | BI5: 344.29349 | BJ5: 311.05326 | BK5: 263.24655 | BL5: 347.03049 | BM5: 364.97015 | BN5: 353.70554 | BO5: 346.10351 | BP5: 342.1543 | BQ5: 309.118 | BR5: 261.60652 | BS5: 344.86557 | BT5: 362.69024 | BU5: 351.49302 | BV5: 343.93562 | BW5: 340.00824 | BX5: 307.17653 | BY5: 259.96123 | BZ5: 342.69371 | CA5: 360.40303 | CB5: 349.27342 | CC5: 341.76079 | CD5: 337.85533 | CE5: 305.22886 | CF5: 258.31069 | CG5: 340.51492 | CH5: 358.10853 | CI5: 347.04674 | CJ5: 339.57903 | CK5: 335.69556 | CL5: 303.27499 | CM5: 256.65489 | CN5: 338.3292 | CO5: 357.84066 | CP5: 348.75956 | CQ5: 343.18924 | CR5: 341.18083 | CS5: 309.96564 | CT5: 263.7887 | CU5: 349.67747 | CV5: 369.79052 | CW5: 360.3551 | CX5: 354.54979 | CY5: 352.42585 | CZ5: 320.13767 | DA5: 272.40811 | DB5: 361.0544 | DC5: 381.77054 | DD5: 371.9799 | DE5: 365.939 | DF5: 363.69923 | DG5: 330.33534 | DH5: 281.04924 | DI5: 372.45998 | DJ5: 393.78073 | DK5: 383.63396 | DL5: 377.35686 | DM5: 375.00095 | DN5: 340.55865 | DO5: 289.71209 | DP5: 383.89422 | DQ5: 405.82108 | DR5: 395.31728 | DS5: 389.50998 | DT5: 387.72961 | DU5: 352.70496 | DV5: 300.53995 | DW5: 398.89273 | DX5: 422.35846 | DY5: 412.08581 | DZ5: 405.93871 | EA5: 403.99128 | EB5: 367.41498 | EC5: 313.00471 | ED5: 415.34523 | EE5: 439.68314 | EF5: 428.89682 | EG5: 422.40903 | EH5: 420.29412 | EI5: 382.16222 | EJ5: 325.501 | EK5: 431.83933 | EL5: 457.0516 | EM5: 445.75029 | EN5: 438.92096 | EO5: 436.63811 | EP5: 396.94668 | EQ5: 338.02881 | ER5: 448.37502 | ES5: 474.46385 | ET5: 462.64624 | EU5: 455.47448 | EV5: 453.02327 | EW5: 411.76836 | EX5: 350.94402 | EY5: 465.89161 | EZ5: 493.40326 | FA5: 481.50352 | FB5: 474.41915 | FC5: 472.23988 | FD5: 429.57148 | FE5: 366.02974 | FF5: 485.80354 | FG5: 514.37073 | FH5: 501.84928 | FI5: 494.35257 | FJ5: 491.97057 | FK5: 447.41946 | FL5: 381.15346 | FM5: 505.76561 | FN5: 535.39098 | FO5: 522.24623 | FP5: 514.33614 | FQ5: 511.75087 | FR5: 465.31231 | FS5: 396.31519 | FT5: 525.77783 | FU5: 556.46402 | FV5: 542.6944 | FW5: 534.36985 | FX5: 531.58079 | FY5: 483.25003 | FZ5: 411.51492 | GA5: 545.8402 | GB5: 574.27183 | GC5: 556.75562 | GD5: 544.99387 | GE5: 538.97768 | GF5: 487.12064 | GG5: 412.4056 | GH5: 543.86346 | GI5: 572.19 | GJ5: 554.73524 | GK5: 543.01416 | GL5: 537.01782 | GM5: 485.34754 | GN5: 410.90293 | GO5: 541.87978 | GP5: 570.10087 | GQ5: 552.70778 | GR5: 541.02751 | GS5: 535.0511 | GT5: 483.56824 | GU5: 409.395 | GV5: 539.88917 | GW5: 568.00445 | GX5: 550.67323 | GY5: 539.03393 | GZ5: 533.07752 | HA5: 481.78274 | HB5: 407.88183 | HC5: 537.89162 | HD5: 565.90073 | HE5: 548.63161 | HF5: 537.03341 | HG5: 531.85906 | HH5: 481.36932 | HI5: 408.11496 | HJ5: 538.96917 | HK5: 567.84575 | HL5: 551.30501 | HM5: 540.42248 | HN5: 535.21344 | HO5: 484.40342 | HP5: 410.68577 | HQ5: 542.3622 | HR5: 571.4184 | HS5: 554.7715 | HT5: 543.81848 | HU5: 538.57467 | HV5: 487.44372 | HW5: 413.26183 | HX5: 545.76216 | HY5: 574.99835 | HZ5: 558.24506 | IA5: 547.22141 | IB5: 541.94276 | IC5: 490.49022 | ID5: 415.84315 | IE5: 549.16906 | IF5: 578.5856 | IG5: 561.7257 | IH5: 550.63128 | II5: 545.31771 | IJ5: 493.54292 | IK5: 418.42972 | IL5: 550.59508 | IM5: 577.99454 | IN5: 559.12225 | IO5: 546.09251 | IP5: 538.85796 | IQ5: 485.92073 | IR5: 410.46418 | IS5: 540.0809 | IT5: 566.92267 | IU5: 548.37835 | IV5: 535.56605 | IW5: 528.43825 | IX5: 476.49499 | IY5: 402.47692 | IZ5: 529.53806 | JA5: 555.82063 | JB5: 537.6052 | JC5: 525.01093 | JD5: 517.99018 | JE5: 467.04361 | JF5: 394.46794 | JG5: 518.96657 | JH5: 544.68843 | JI5: 526.80279 | JJ5: 514.42715 | JK5: 507.51376 | JL5: 457.56659 | JM5: 386.43724 | JN5: 508.36641 | JO5: 533.52607 | JP5: 514.43391 | JQ5: 500.80315 | JR5: 492.53838 | JS5: 442.67285 | JT5: 372.67559 | JU5: 488.69634 | JV5: 511.22821 | JW5: 492.7969 | JX5: 479.60434 | JY5: 471.55487 | JZ5: 423.69131 | KA5: 356.59111 | KB5: 467.46583 | KC5: 488.87197 | KD5: 471.10325 | KE5: 458.35006 | KF5: 450.51648 | KG5: 404.66015 | KH5: 340.46459 | KI5: 446.17986 | KJ5: 466.45735 | KK5: 449.35298 | KL5: 437.04033 | KM5: 429.42322 | KN5: 385.57936 | KO5: 324.29604 | KP5: 424.83843 | KQ5: 443.98434 | KR5: 427.54608 | KS5: 415.67512 | KT5: 408.27507 | KU5: 369.97564 | KV5: 314.06116 | KW5: 415.2706 | KX5: 438.05815 | KY5: 425.81997 | KZ5: 417.9254 | LA5: 414.40239 | LB5: 375.51813 | LC5: 318.75752 | LD5: 421.46924 | LE5: 444.58519 | LF5: 432.15329 | LG5: 424.13019 | LH5: 420.54388 | LI5: 381.07344 | LJ5: 323.46475 | LK5: 427.68221 | LL5: 451.12731 | LM5: 438.50123 | LN5: 430.34929 | LO5: 426.69955 | LP5: 386.64157 | LQ5: 328.18283 | LR5: 433.9095 | LS5: 457.68451 | LT5: 444.86381 | LU5: 436.58273 | LV5: 432.8694 | LW5: 392.22252 | LX5: 332.91177 | LY5: 436.97551 | LZ5: 457.57008 | MA5: 441.5101 | MB5: 430.12117 | MC5: 423.33118 | MD5: 380.75291 | ME5: 320.78592 | MF5: 420.97018 | MG5: 440.71611 | MH5: 425.15568 | MI5: 414.09802 | MJ5: 407.4708 | MK5: 366.40577 | ML5: 308.62854 | MM5: 404.92325 | MN5: 423.81835 | MO5: 408.75879 | MP5: 398.03326 | MQ5: 391.56927 | MR5: 352.02141 | MS5: 296.43964 | MT5: 388.83473 | MU5: 406.87681 | MV5: 392.31942 | MW5: 381.92691 | MX5: 375.62658 | MY5: 337.59983 | MZ5: 284.21921 | NA5: 392.32063 | NB5: 370.3969
A6: 344.01145 | B6: 362.96546 | C6: 352.89949 | D6: 346.42952 | E6: 343.581 | F6: 311.40689 | G6: 264.39169 | H6: 349.65759 | I6: 368.91085 | J6: 358.66854 | K6: 352.08161 | L6: 349.17554 | M6: 316.46756 | N6: 268.67988 | O6: 355.31759 | P6: 374.87084 | Q6: 364.45175 | R6: 357.74755 | S6: 354.78381 | T6: 321.54063 | U6: 272.97857 | V6: 360.99146 | W6: 380.84542 | X6: 370.24912 | Y6: 363.42737 | Z6: 360.4058 | AA6: 326.62612 | AB6: 277.28778 | AC6: 366.6792 | AD6: 386.8346 | AE6: 376.06064 | AF6: 369.12105 | AG6: 364.91135 | AH6: 329.67973 | AI6: 279.00956 | AJ6: 367.80951 | AK6: 386.82236 | AL6: 374.88236 | AM6: 366.82427 | AN6: 362.6377 | AO6: 327.62282 | AP6: 277.26644 | AQ6: 365.50849 | AR6: 384.39913 | AS6: 372.53074 | AT6: 364.52007 | AU6: 360.35672 | AV6: 325.55928 | AW6: 275.5177 | AX6: 363.20006 | AY6: 381.96809 | AZ6: 370.17156 | BA6: 362.20847 | BB6: 358.0684 | BC6: 323.48911 | BD6: 273.76334 | BE6: 360.88423 | BF6: 379.52925 | BG6: 367.8048 | BH6: 359.88946 | BI6: 355.77275 | BJ6: 321.4354 | BK6: 272.04249 | BL6: 358.63843 | BM6: 377.19134 | BN6: 365.56234 | BO6: 357.71803 | BP6: 353.64872 | BQ6: 319.51385 | BR6: 270.41407 | BS6: 356.48884 | BT6: 374.92757 | BU6: 363.36547 | BV6: 355.56546 | BW6: 351.51784 | BX6: 317.5861 | BY6: 268.78041 | BZ6: 354.33231 | CA6: 372.6565 | CB6: 361.16152 | CC6: 353.40597 | CD6: 349.38009 | CE6: 315.65215 | CF6: 267.14148 | CG6: 352.16886 | CH6: 370.37813 | CI6: 358.95049 | CJ6: 351.23954 | CK6: 347.23549 | CL6: 313.71199 | CM6: 265.49731 | CN6: 349.99846 | CO6: 369.71699 | CP6: 359.88455 | CQ6: 353.6978 | CR6: 351.19566 | CS6: 318.67503 | CT6: 270.8724 | CU6: 358.63638 | CV6: 378.81276 | CW6: 368.71058 | CX6: 362.34492 | CY6: 359.7548 | CZ6: 326.41743 | DA6: 277.43299 | DB6: 367.29579 | DC6: 387.93116 | DD6: 377.55857 | DE6: 371.01354 | DF6: 368.33521 | DG6: 334.17906 | DH6: 284.00987 | DI6: 375.97669 | DJ6: 397.07218 | DK6: 386.42849 | DL6: 379.70365 | DM6: 376.93689 | DN6: 341.95991 | DO6: 290.60304 | DP6: 384.67908 | DQ6: 406.23583 | DR6: 395.32036 | DS6: 389.51301 | DT6: 387.73263 | DU6: 352.7077 | DV6: 300.54229 | DW6: 398.89583 | DX6: 422.36175 | DY6: 412.08902 | DZ6: 405.94186 | EA6: 403.99443 | EB6: 367.41784 | EC6: 313.00714 | ED6: 415.34846 | EE6: 439.68656 | EF6: 428.90015 | EG6: 422.41232 | EH6: 420.29738 | EI6: 382.16519 | EJ6: 325.50352 | EK6: 431.84268 | EL6: 457.05515 | EM6: 445.75375 | EN6: 438.92436 | EO6: 436.6415 | EP6: 396.94976 | EQ6: 338.03143 | ER6: 448.3785 | ES6: 474.46753 | ET6: 462.64983 | EU6: 455.47801 | EV6: 453.02678 | EW6: 411.77155 | EX6: 350.94674 | EY6: 465.89522 | EZ6: 493.40708 | FA6: 481.50725 | FB6: 474.42282 | FC6: 472.24354 | FD6: 429.5748 | FE6: 366.03257 | FF6: 485.80729 | FG6: 514.3747 | FH6: 501.85315 | FI6: 494.35639 | FJ6: 491.97437 | FK6: 447.42292 | FL6: 381.1564 | FM6: 505.76951 | FN6: 535.39511 | FO6: 522.25026 | FP6: 514.3401 | FQ6: 511.75481 | FR6: 465.3159 | FS6: 396.31824 | FT6: 525.78189 | FU6: 556.46831 | FV6: 542.69858 | FW6: 534.37397 | FX6: 531.58488 | FY6: 483.25376 | FZ6: 411.51809 | GA6: 545.8444 | GB6: 574.27625 | GC6: 556.75991 | GD6: 544.99807 | GE6: 538.98182 | GF6: 487.12439 | GG6: 412.40877 | GH6: 543.86764 | GI6: 572.1944 | GJ6: 554.7395 | GK6: 543.01833 | GL6: 537.02195 | GM6: 485.35127 | GN6: 410.90608 | GO6: 541.88394 | GP6: 570.10525 | GQ6: 552.71202 | GR6: 541.03166 | GS6: 535.05521 | GT6: 483.57195 | GU6: 409.39815 | GV6: 539.89331 | GW6: 568.00881 | GX6: 550.67746 | GY6: 539.03806 | GZ6: 533.08161 | HA6: 481.78643 | HB6: 407.88495 | HC6: 537.89574 | HD6: 565.90506 | HE6: 548.63582 | HF6: 537.03752 | HG6: 531.48214 | HH6: 480.68385 | HI6: 407.24229 | HJ6: 537.43227 | HK6: 565.82206 | HL6: 548.94816 | HM6: 537.72833 | HN6: 532.16568 | HO6: 481.30195 | HP6: 407.76586 | HQ6: 538.12308 | HR6: 566.54923 | HS6: 549.65352 | HT6: 538.41914 | HU6: 532.84922 | HV6: 481.92004 | HW6: 408.28942 | HX6: 538.81389 | HY6: 567.2764 | HZ6: 550.35887 | IA6: 539.10995 | IB6: 533.53276 | IC6: 482.53813 | ID6: 408.81298 | IE6: 539.5047 | IF6: 568.00356 | IG6: 551.06422 | IH6: 539.80076 | II6: 534.2163 | IJ6: 483.15623 | IK6: 409.33654 | IL6: 539.39522 | IM6: 567.0456 | IN6: 549.31727 | IO6: 537.28866 | IP6: 530.93761 | IQ6: 479.4741 | IR6: 405.6097 | IS6: 534.47581 | IT6: 561.86513 | IU6: 544.29011 | IV6: 532.36311 | IW6: 526.06189 | IX6: 475.06337 | IY6: 401.872 | IZ6: 529.54208 | JA6: 556.66957 | JB6: 539.24833 | JC6: 527.42324 | JD6: 521.17199 | JE6: 470.63982 | JF6: 398.12344 | JG6: 524.59402 | JH6: 551.45893 | JI6: 534.19192 | JJ6: 522.46904 | JK6: 516.26791 | JL6: 466.20345 | JM6: 394.36402 | JN6: 519.63163 | JO6: 546.23321 | JP6: 527.55716 | JQ6: 514.43699 | JR6: 506.80193 | JS6: 456.27019 | JT6: 384.78603 | JU6: 505.45769 | JV6: 529.69552 | JW6: 511.50953 | JX6: 498.7143 | JY6: 491.23886 | JZ6: 442.19189 | KA6: 372.85637 | KB6: 489.71123 | KC6: 513.11404 | KD6: 495.41943 | KE6: 482.95001 | KF6: 475.63463 | KG6: 428.07636 | KH6: 360.89519 | KI6: 473.92317 | KJ6: 496.48877 | KK6: 479.28685 | KL6: 467.14412 | KM6: 459.98924 | KN6: 413.92362 | KO6: 348.90248 | KP6: 458.09351 | KQ6: 479.81972 | KR6: 463.11181 | KS6: 451.29664 | KT6: 444.30269 | KU6: 401.47366 | KV6: 339.82654 | KW6: 448.05849 | KX6: 471.29957 | KY6: 456.82972 | KZ6: 447.08635 | LA6: 442.05926 | LB6: 399.44411 | LC6: 338.10662 | LD6: 445.78812 | LE6: 468.90863 | LF6: 454.50946 | LG6: 444.81291 | LH6: 439.80874 | LI6: 397.40814 | LJ6: 336.38126 | LK6: 443.51059 | LL6: 466.51015 | LM6: 452.18189 | LN6: 442.53231 | LO6: 437.55113 | LP6: 395.36577 | LQ6: 334.65048 | LR6: 441.22589 | LS6: 464.10413 | LT6: 449.847 | LU6: 440.24454 | LV6: 435.28643 | LW6: 393.31699 | LX6: 332.91427 | LY6: 436.97878 | LZ6: 457.57351 | MA6: 441.51341 | MB6: 430.12439 | MC6: 423.33434 | MD6: 380.75576 | ME6: 320.78832 | MF6: 420.97333 | MG6: 440.71941 | MH6: 425.15886 | MI6: 414.10111 | MJ6: 407.47385 | MK6: 366.40851 | ML6: 308.63085 | MM6: 404.92627 | MN6: 423.82152 | MO6: 408.76184 | MP6: 398.03623 | MQ6: 391.57219 | MR6: 352.02403 | MS6: 296.44185 | MT6: 388.83763 | MU6: 406.87984 | MV6: 392.32235 | MW6: 381.92976 | MX6: 375.62938 | MY6: 337.60234 | MZ6: 284.22132 | NA6: 392.32356 | NB6: 370.39966
A7: 412.81703 | B7: 434.62734 | C7: 421.66914 | D7: 413.05388 | E7: 408.78406 | F7: 369.7158 | G7: 313.23087 | H7: 413.36967 | I7: 435.20908 | J7: 422.23342 | K7: 413.60652 | L7: 409.33089 | M7: 370.21027 | N7: 313.64971 | O7: 413.92232 | P7: 435.79081 | Q7: 422.7977 | R7: 414.15917 | S7: 409.87772 | T7: 370.70475 | U7: 314.06856 | V7: 414.47497 | W7: 436.37255 | X7: 423.36198 | Y7: 414.71182 | Z7: 410.42455 | AA7: 371.19922 | AB7: 314.48741 | AC7: 415.02762 | AD7: 436.95428 | AE7: 423.92626 | AF7: 415.26447 | AG7: 410.97138 | AH7: 371.6937 | AI7: 314.90626 | AJ7: 415.58027 | AK7: 437.53602 | AL7: 424.49055 | AM7: 415.81711 | AN7: 411.51821 | AO7: 372.18817 | AP7: 315.32511 | AQ7: 416.13291 | AR7: 438.11775 | AS7: 425.05483 | AT7: 416.36976 | AU7: 412.06504 | AV7: 372.68264 | AW7: 315.74396 | AX7: 416.68556 | AY7: 438.69948 | AZ7: 425.61911 | BA7: 416.92241 | BB7: 412.61187 | BC7: 373.17712 | BD7: 316.16281 | BE7: 417.23821 | BF7: 439.28122 | BG7: 426.18339 | BH7: 417.47506 | BI7: 413.1587 | BJ7: 373.00193 | BK7: 315.44695 | BL7: 415.54467 | BM7: 436.70981 | BN7: 422.92377 | BO7: 413.53278 | BP7: 408.51568 | BQ7: 368.80168 | BR7: 311.88759 | BS7: 410.84631 | BT7: 431.76209 | BU7: 418.12245 | BV7: 408.82848 | BW7: 403.85893 | BX7: 364.58902 | BY7: 308.31772 | BZ7: 406.13408 | CA7: 426.79976 | CB7: 413.30698 | CC7: 404.11031 | CD7: 399.18847 | CE7: 360.36396 | CF7: 304.73734 | CG7: 401.40799 | CH7: 421.82285 | CI7: 408.47735 | CJ7: 399.37828 | CK7: 394.50429 | CL7: 356.12649 | CM7: 301.14646 | CN7: 396.66803 | CO7: 418.03322 | CP7: 405.96566 | CQ7: 398.05905 | CR7: 394.32804 | CS7: 356.98848 | CT7: 302.7421 | CU7: 399.91579 | CV7: 421.45299 | CW7: 409.28388 | CX7: 401.30988 | CY7: 397.54566 | CZ7: 359.89895 | DA7: 305.20822 | DB7: 403.17071 | DC7: 424.8803 | DD7: 412.60942 | DE7: 404.56787 | DF7: 400.77037 | DG7: 362.81583 | DH7: 307.67976 | DI7: 406.4328 | DJ7: 428.31516 | DK7: 415.94227 | DL7: 407.83303 | DM7: 404.00217 | DN7: 365.73912 | DO7: 310.15673 | DP7: 409.70205 | DQ7: 431.75755 | DR7: 419.28244 | DS7: 412.60689 | DT7: 410.21308 | DU7: 372.70076 | DV7: 317.19371 | DW7: 420.49176 | DX7: 444.69973 | DY7: 433.37398 | DZ7: 426.41284 | EA7: 423.8786 | EB7: 385.06231 | EC7: 327.66843 | ED7: 434.31751 | EE7: 459.25837 | EF7: 447.50092 | EG7: 440.25345 | EH7: 437.57842 | EI7: 397.45488 | EJ7: 338.16941 | EK7: 448.17794 | EL7: 473.8535 | EM7: 461.66325 | EN7: 454.12873 | EO7: 451.31254 | EP7: 409.87847 | EQ7: 348.69667 | ER7: 462.07302 | ES7: 488.48512 | ET7: 475.86098 | EU7: 468.03867 | EV7: 465.08097 | EW7: 422.33307 | EX7: 359.2983 | EY7: 476.12971 | EZ7: 503.35369 | FA7: 490.35341 | FB7: 482.30079 | FC7: 479.26076 | FD7: 435.21655 | FE7: 370.21525 | FF7: 490.53913 | FG7: 518.52689 | FH7: 505.07664 | FI7: 496.72557 | FJ7: 493.53876 | FK7: 448.13209 | FL7: 381.15935 | FM7: 504.98438 | FN7: 533.7378 | FO7: 519.83645 | FP7: 511.18617 | FQ7: 507.85221 | FR7: 461.07968 | FS7: 392.13059 | FT7: 519.46545 | FU7: 548.98642 | FV7: 534.63283 | FW7: 525.68258 | FX7: 522.20109 | FY7: 474.05931 | FZ7: 403.12899 | GA7: 533.98233 | GB7: 561.78754 | GC7: 544.64362 | GD7: 533.12941 | GE7: 527.23593 | GF7: 476.50113 | GG7: 403.40858 | GH7: 531.9902 | GI7: 559.68951 | GJ7: 542.60752 | GK7: 531.1343 | GL7: 525.26084 | GM7: 474.71426 | GN7: 401.89425 | GO7: 529.99113 | GP7: 557.58419 | GQ7: 540.56435 | GR7: 529.13226 | GS7: 523.27889 | GT7: 472.92119 | GU7: 400.37466 | GV7: 527.98512 | GW7: 555.47156 | GX7: 538.51409 | GY7: 527.12328 | GZ7: 521.29008 | HA7: 471.12191 | HB7: 398.84981 | HC7: 525.97218 | HD7: 553.35164 | HE7: 536.45675 | HF7: 525.10738 | HG7: 520.0564 | HH7: 470.69475 | HI7: 399.07131 | HJ7: 527.03439 | HK7: 555.28052 | HL7: 539.11451 | HM7: 528.48113 | HN7: 523.39563 | HO7: 473.71514 | HP7: 401.63051 | HQ7: 530.41211 | HR7: 558.83706 | HS7: 542.56536 | HT7: 531.86182 | HU7: 526.74171 | HV7: 476.74174 | HW7: 404.19497 | HX7: 533.79676 | HY7: 562.40089 | HZ7: 546.02329 | IA7: 535.24945 | IB7: 530.09465 | IC7: 479.77455 | ID7: 406.76469 | IE7: 537.18834 | IF7: 565.97202 | IG7: 549.4883 | IH7: 538.644 | II7: 533.45446 | IJ7: 482.81355 | IK7: 409.33966 | IL7: 539.79947 | IM7: 567.89249 | IN7: 550.54761 | IO7: 538.89421 | IP7: 532.92278 | IQ7: 481.62787 | IR7: 407.738 | IS7: 537.68515 | IT7: 565.66581 | IU7: 548.38669 | IV7: 536.77682 | IW7: 530.82666 | IX7: 479.73154 | IY7: 406.13091 | IZ7: 535.56367 | JA7: 563.4316 | JB7: 546.21845 | JC7: 534.65227 | JD7: 528.72346 | JE7: 477.82879 | JF7: 404.5184 | JG7: 533.43502 | JH7: 561.18984 | JI7: 544.0429 | JJ7: 532.52055 | JK7: 526.61317 | JL7: 475.91963 | JM7: 402.90046 | JN7: 531.29921 | JO7: 558.94054 | JP7: 541.47573 | JQ7: 529.62877 | JR7: 523.37812 | JS7: 472.65627 | JT7: 399.84975 | JU7: 526.89589 | JV7: 553.90732 | JW7: 536.59149 | JX7: 524.84325 | JY7: 518.64102 | JZ7: 468.37095 | KA7: 396.21833 | KB7: 522.10245 | KC7: 548.85951 | KD7: 531.69309 | KE7: 520.04387 | KF7: 513.8902 | KG7: 464.07322 | KH7: 392.5764 | KI7: 517.29514 | KJ7: 543.79711 | KK7: 526.78053 | KL7: 515.23062 | KM7: 509.12565 | KN7: 459.76309 | KO7: 388.92396 | KP7: 512.47397 | KQ7: 538.7201 | KR7: 521.85382 | KS7: 510.40351 | KT7: 504.34739 | KU7: 456.14122 | KV7: 386.44826 | KW7: 509.98911 | KX7: 536.9276 | KY7: 520.91382 | KZ7: 510.26544 | LA7: 504.98536 | LB7: 456.71811 | LC7: 386.93691 | LD7: 510.63387 | LE7: 537.60629 | LF7: 521.57215 | LG7: 510.91019 | LH7: 505.62333 | LI7: 457.295 | LJ7: 387.42557 | LK7: 511.27862 | LL7: 538.28498 | LM7: 522.23048 | LN7: 511.55495 | LO7: 506.2613 | LP7: 457.87188 | LQ7: 387.91423 | LR7: 511.92338 | LS7: 538.96367 | LT7: 522.88881 | LU7: 512.1997 | LV7: 506.89927 | LW7: 458.44877 | LX7: 388.40288 | LY7: 510.20607 | LZ7: 534.6687 | MA7: 516.30916 | MB7: 503.39111 | MC7: 495.84283 | MD7: 446.3337 | ME7: 376.34665 | MF7: 494.2926 | MG7: 517.91142 | MH7: 500.04853 | MI7: 487.45981 | MJ7: 480.07335 | MK7: 432.06875 | ML7: 364.2589 | MM7: 478.33753 | MN7: 501.11036 | MO7: 483.74544 | MP7: 471.48691 | MQ7: 464.26271 | MR7: 417.76658 | MS7: 352.13961 | MT7: 462.34087 | MU7: 484.26551 | MV7: 467.39986 | MW7: 455.47242 | MX7: 448.41091 | MY7: 403.42719 | MZ7: 339.9888 | NA7: 469.79222 | NB7: 444.00803
A8: 561.89432 | B8: 590.80191 | C8: 572.43175 | D8: 559.99596 | E8: 553.47458 | F8: 499.9154 | G8: 422.9773 | H8: 557.46085 | I8: 586.13302 | J8: 567.9009 | K8: 555.55655 | L8: 549.07994 | M8: 495.93975 | N8: 419.60819 | O8: 553.01352 | P8: 581.44953 | Q8: 563.35589 | R8: 551.10327 | S8: 544.67158 | T8: 491.95169 | U8: 416.22858 | V8: 548.55232 | W8: 576.75145 | X8: 558.79673 | Y8: 546.63613 | Z8: 540.2495 | AA8: 487.95123 | AB8: 412.83845 | AC8: 544.07726 | AD8: 572.03877 | AE8: 554.22341 | AF8: 542.15513 | AG8: 535.36926 | AH8: 483.13442 | AI8: 408.41614 | AJ8: 537.7906 | AK8: 564.94561 | AL8: 546.88152 | AM8: 534.51244 | AN8: 527.80387 | AO8: 476.29054 | AP8: 402.61657 | AQ8: 530.1352 | AR8: 556.88396 | AS8: 539.05847 | AT8: 526.84751 | AU8: 520.21649 | AV8: 469.42677 | AW8: 396.80014 | AX8: 522.45757 | AY8: 548.7989 | AZ8: 531.21272 | BA8: 519.16035 | BB8: 512.60711 | BC8: 462.5431 | BD8: 390.96686 | BE8: 514.75771 | BF8: 540.69044 | BG8: 523.34427 | BH8: 511.45096 | BI8: 504.97573 | BJ8: 456.04365 | BK8: 385.80147 | BL8: 508.39108 | BM8: 534.46134 | BN8: 517.76067 | BO8: 506.43181 | BP8: 500.45418 | BQ8: 451.95325 | BR8: 382.33516 | BS8: 503.81549 | BT8: 529.64285 | BU8: 513.0847 | BV8: 501.85028 | BW8: 495.91891 | BX8: 447.85044 | BY8: 378.85833 | BZ8: 499.22604 | CA8: 524.80976 | CB8: 508.39458 | CC8: 497.25488 | CD8: 491.36992 | CE8: 443.73522 | CF8: 375.371 | CG8: 494.62271 | CH8: 519.96207 | CI8: 503.6903 | CJ8: 492.64562 | CK8: 486.80722 | CL8: 439.6076 | CM8: 371.87316 | CN8: 490.00553 | CO8: 517.12056 | CP8: 502.8929 | CQ8: 493.78386 | CR8: 489.83319 | CS8: 444.06232 | CT8: 377.10276 | CU8: 498.82779 | CV8: 526.41038 | CW8: 511.90717 | CX8: 502.61533 | CY8: 498.57474 | CZ8: 451.96966 | DA8: 383.80307 | DB8: 507.67154 | DC8: 535.72283 | DD8: 520.94337 | DE8: 511.4683 | DF8: 507.33755 | DG8: 459.89622 | DH8: 390.51967 | DI8: 516.53678 | DJ8: 545.0579 | DK8: 530.00152 | DL8: 520.34275 | DM8: 516.12163 | DN8: 467.84202 | DO8: 397.25255 | DP8: 525.42352 | DQ8: 554.41559 | DR8: 539.08162 | DS8: 530.33647 | DT8: 527.09981 | DU8: 478.75479 | DV8: 407.33156 | DW8: 539.8247 | DX8: 570.73566 | DY8: 556.03862 | DZ8: 546.94979 | EA8: 543.54413 | EB8: 493.62997 | EC8: 419.93622 | ED8: 556.46179 | EE8: 588.25464 | EF8: 573.0381 | EG8: 563.6047 | EH8: 560.02961 | EI8: 508.54237 | EJ8: 432.5724 | EK8: 573.14047 | EL8: 605.81741 | EM8: 590.08005 | EN8: 580.30121 | EO8: 576.55625 | EP8: 523.49199 | EQ8: 445.24011 | ER8: 589.86075 | ES8: 623.42396 | ET8: 607.16447 | EU8: 597.03932 | EV8: 593.12404 | EW8: 538.47883 | EX8: 456.80436 | EY8: 603.62696 | EZ8: 636.34342 | FA8: 618.17163 | FB8: 606.32568 | FC8: 600.83399 | FD8: 544.113 | FE8: 461.57839 | FF8: 609.92807 | FG8: 642.97832 | FH8: 624.60957 | FI8: 612.63293 | FJ8: 607.07688 | FK8: 549.75999 | FL8: 466.36327 | FM8: 616.24351 | FN8: 649.6283 | FO8: 631.06214 | FP8: 618.95451 | FQ8: 613.33394 | FR8: 555.4198 | FS8: 471.15902 | FT8: 622.57328 | FU8: 656.29337 | FV8: 637.52935 | FW8: 625.29042 | FX8: 619.60517 | FY8: 561.09243 | FZ8: 475.96562 | GA8: 628.91737 | GB8: 661.73763 | GC8: 641.61311 | GD8: 628.11707 | GE8: 621.24107 | GF8: 561.52148 | GG8: 475.43911 | GH8: 627.04802 | GI8: 659.76885 | GJ8: 639.70239 | GK8: 626.24475 | GL8: 619.38748 | GM8: 559.84447 | GN8: 474.01784 | GO8: 625.17174 | GP8: 657.79277 | GQ8: 637.78458 | GR8: 624.3655 | GS8: 617.52703 | GT8: 558.16126 | GU8: 472.59131 | GV8: 623.28853 | GW8: 655.8094 | GX8: 635.8597 | GY8: 622.47931 | GZ8: 615.65972 | HA8: 556.47185 | HB8: 471.15953 | HC8: 621.39838 | HD8: 653.81873 | HE8: 633.92774 | HF8: 620.5862 | HG8: 613.78555 | HH8: 554.77624 | HI8: 469.7225 | HJ8: 619.5013 | HK8: 651.82076 | HL8: 631.9887 | HM8: 618.68614 | HN8: 611.90452 | HO8: 553.07442 | HP8: 468.2802 | HQ8: 617.59729 | HR8: 649.8155 | HS8: 630.04258 | HT8: 616.77916 | HU8: 610.01663 | HV8: 551.3664 | HW8: 466.83266 | HX8: 615.68634 | HY8: 647.80293 | HZ8: 628.08938 | IA8: 614.86524 | IB8: 608.12188 | IC8: 549.65218 | ID8: 465.37986 | IE8: 613.76847 | IF8: 645.78307 | IG8: 626.12911 | IH8: 612.9444 | II8: 606.22027 | IJ8: 547.93175 | IK8: 463.92181 | IL8: 613.0312 | IM8: 646.25646 | IN8: 627.80072 | IO8: 615.7694 | IP8: 610.19131 | IQ8: 552.58618 | IR8: 468.76564 | IS8: 619.42442 | IT8: 652.98832 | IU8: 634.33271 | IV8: 622.16875 | IW8: 616.52534 | IX8: 558.31559 | IY8: 473.62034 | IZ8: 625.83196 | JA8: 659.73526 | JB8: 640.87933 | JC8: 628.58244 | JD8: 622.87354 | JE8: 564.05781 | JF8: 478.48589 | JG8: 632.25384 | JH8: 666.49728 | JI8: 647.44058 | JJ8: 635.01045 | JK8: 629.23591 | JL8: 569.81285 | JM8: 483.3623 | JN8: 638.69004 | JO8: 673.27438 | JP8: 653.19483 | JQ8: 639.84313 | JR8: 633.22294 | JS8: 572.69921 | JT8: 485.19801 | JU8: 640.30805 | JV8: 674.13083 | JW8: 654.02558 | JX8: 640.65675 | JY8: 634.028 | JZ8: 573.42719 | KA8: 485.81465 | KB8: 641.12167 | KC8: 674.98727 | KD8: 654.85633 | KE8: 641.47037 | KF8: 634.83306 | KG8: 574.15516 | KH8: 486.43129 | KI8: 641.93529 | KJ8: 675.84371 | KK8: 655.68708 | KL8: 642.28399 | KM8: 635.63811 | KN8: 574.88314 | KO8: 487.04793 | KP8: 642.74891 | KQ8: 676.70015 | KR8: 656.51783 | KS8: 643.09761 | KT8: 636.44317 | KU8: 575.97314 | KV8: 488.27798 | KW8: 644.7768 | KX8: 679.26114 | KY8: 659.41571 | KZ8: 646.34108 | LA8: 640.05372 | LB8: 579.23891 | LC8: 491.04506 | LD8: 648.42883 | LE8: 683.10646 | LF8: 663.14672 | LG8: 649.99618 | LH8: 643.67136 | LI8: 582.5111 | LJ8: 493.81757 | LK8: 652.08803 | LL8: 686.95932 | LM8: 666.88504 | LN8: 653.65845 | LO8: 647.29609 | LP8: 585.78969 | LQ8: 496.59551 | LR8: 655.75439 | LS8: 690.81973 | LT8: 670.63067 | LU8: 657.32788 | LV8: 650.9279 | LW8: 589.0747 | LX8: 499.37888 | LY8: 657.05271 | LZ8: 689.68634 | MA8: 667.10538 | MB8: 651.49853 | MC8: 642.80735 | MD8: 579.60355 | ME8: 489.553 | MF8: 644.08305 | MG8: 676.02886 | MH8: 653.85257 | MI8: 638.51402 | MJ8: 629.95462 | MK8: 567.97697 | ML8: 479.70085 | MM8: 631.07874 | MN8: 662.33489 | MO8: 640.56436 | MP8: 625.49485 | MQ8: 617.06759 | MR8: 556.31938 | MS8: 469.82243 | MT8: 618.03976 | MU8: 648.60444 | MV8: 627.24076 | MW8: 612.44101 | MX8: 604.14626 | MY8: 544.63077 | MZ8: 459.91773 | NA8: 636.80643 | NB8: 603.09562
A9: 665.1047 | B9: 700.63356 | C9: 680.12234 | D9: 666.59667 | E9: 660.07223 | F9: 597.31917 | G9: 506.34182 | H9: 668.58794 | I9: 704.30117 | J9: 683.68094 | K9: 670.08288 | L9: 663.52272 | M9: 600.44019 | N9: 508.98626 | O9: 672.07811 | P9: 707.97607 | Q9: 687.24661 | R9: 673.57602 | S9: 666.98007 | T9: 603.5674 | U9: 511.63594 | V9: 675.57521 | W9: 711.65828 | X9: 690.81936 | Y9: 677.07609 | Z9: 670.44429 | AA9: 606.70082 | AB9: 514.29088 | AC9: 679.07925 | AD9: 715.34778 | AE9: 694.39919 | AF9: 680.5831 | AG9: 672.36613 | AH9: 607.03811 | AI9: 513.38979 | AJ9: 676.3238 | AK9: 710.79773 | AL9: 688.38493 | AM9: 673.12456 | AN9: 664.98295 | AO9: 600.359 | AP9: 507.72978 | AQ9: 668.85256 | AR9: 702.92992 | AS9: 680.74991 | AT9: 665.64379 | AU9: 657.57778 | AV9: 593.65999 | AW9: 502.05292 | AX9: 661.35908 | AY9: 695.0387 | AZ9: 673.09219 | BA9: 658.14078 | BB9: 650.15061 | BC9: 586.94109 | BD9: 496.35921 | BE9: 653.84336 | BF9: 687.12408 | BG9: 665.41177 | BH9: 650.61554 | BI9: 642.70144 | BJ9: 580.94124 | BK9: 491.90075 | BL9: 648.78401 | BM9: 682.66544 | BN9: 661.92819 | BO9: 648.02806 | BP9: 640.9571 | BQ9: 579.36303 | BR9: 490.56316 | BS9: 647.01814 | BT9: 680.80559 | BU9: 660.12312 | BV9: 646.25922 | BW9: 639.20589 | BX9: 577.7786 | BY9: 489.22031 | BZ9: 645.24534 | CA9: 678.93843 | CB9: 658.31097 | CC9: 644.48344 | CD9: 637.44783 | CE9: 576.18798 | CF9: 487.87221 | CG9: 643.4656 | CH9: 677.06398 | CI9: 656.49174 | CJ9: 642.70073 | CK9: 635.68291 | CL9: 574.59115 | CM9: 486.51885 | CN9: 641.67893 | CO9: 675.98791 | CP9: 656.22874 | CQ9: 643.20813 | CR9: 636.94217 | CS9: 576.41482 | CT9: 488.64402 | CU9: 645.24911 | CV9: 679.74707 | CW9: 659.87617 | CX9: 646.78138 | CY9: 640.47882 | CZ9: 579.61377 | DA9: 491.3545 | DB9: 648.82645 | DC9: 683.51377 | DD9: 663.53091 | DE9: 650.36179 | DF9: 644.02256 | DG9: 582.81913 | DH9: 494.0704 | DI9: 652.41096 | DJ9: 687.28802 | DK9: 667.19298 | DL9: 653.94937 | DM9: 647.57339 | DN9: 586.0309 | DO9: 496.79173 | DP9: 656.00263 | DQ9: 691.0698 | DR9: 670.86235 | DS9: 662.07402 | DT9: 660.09744 | DU9: 601.41286 | DV9: 513.25899 | DW9: 682.26796 | DX9: 723.49584 | DY9: 706.95231 | DZ9: 697.43273 | EA9: 695.09669 | EB9: 633.07264 | EC9: 540.08644 | ED9: 717.67817 | EE9: 760.7833 | EF9: 743.13429 | EG9: 732.88157 | EH9: 730.18512 | EI9: 664.81306 | EJ9: 566.9822 | EK9: 753.17851 | EL9: 798.16563 | EM9: 779.40829 | EN9: 768.42053 | EO9: 765.36273 | EP9: 696.63412 | EQ9: 593.94627 | ER9: 788.76898 | ES9: 835.64283 | ET9: 815.77432 | EU9: 804.04962 | EV9: 800.62951 | EW9: 728.53582 | EX9: 619.91098 | EY9: 821.63159 | EZ9: 868.76463 | FA9: 846.47563 | FB9: 832.71996 | FC9: 827.61431 | FD9: 751.68524 | FE9: 639.52687 | FF9: 847.52289 | FG9: 896.02832 | FH9: 872.93082 | FI9: 858.63889 | FJ9: 853.26953 | FK9: 774.89234 | FL9: 659.19164 | FM9: 873.47866 | FN9: 923.35988 | FO9: 899.45184 | FP9: 884.6223 | FQ9: 878.98854 | FR9: 798.15713 | FS9: 678.90527 | FT9: 899.49891 | FU9: 950.75932 | FV9: 926.03869 | FW9: 910.67018 | FX9: 904.77134 | FY9: 821.47962 | FZ9: 698.66776 | GA9: 925.58363 | GB9: 974.07561 | GC9: 944.63694 | GD9: 924.9478 | GE9: 915.00152 | GF9: 827.20498 | GG9: 700.53021 | GH9: 924.09805 | GI9: 972.5108 | GJ9: 943.11806 | GK9: 923.45925 | GL9: 913.52765 | GM9: 825.87134 | GN9: 699.39979 | GO9: 922.60553 | GP9: 970.93868 | GQ9: 941.59209 | GR9: 921.96376 | GS9: 912.04692 | GT9: 824.5315 | GU9: 698.26412 | GV9: 921.10608 | GW9: 969.35927 | GX9: 940.05905 | GY9: 920.46133 | GZ9: 910.55934 | HA9: 823.18545 | HB9: 697.12319 | HC9: 919.59969 | HD9: 967.77256 | HE9: 938.51893 | HF9: 918.95198 | HG9: 907.54089 | HH9: 819.07653 | HI9: 692.47376 | HJ9: 911.92214 | HK9: 958.06622 | HL9: 927.52725 | HM9: 906.64233 | HN9: 895.35592 | HO9: 808.05377 | HP9: 683.13309 | HQ9: 899.59268 | HR9: 945.08263 | HS9: 914.92811 | HT9: 894.29802 | HU9: 883.13664 | HV9: 797 | HW9: 673.76614 | HX9: 887.22856 | HY9: 932.06255 | HZ9: 902.29358 | IA9: 881.91904 | IB9: 870.88307 | IC9: 785.91521 | ID9: 664.37291 | IE9: 874.82977 | IF9: 919.00599 | IG9: 889.62365 | IH9: 869.5054 | II9: 858.5952 | IJ9: 774.7994 | IK9: 654.95342 | IL9: 863.53224 | IM9: 908.30478 | IN9: 880.39911 | IO9: 861.60326 | IP9: 851.89695 | IQ9: 769.75626 | IR9: 651.54062 | IS9: 859.0272 | IT9: 903.56047 | IU9: 875.79504 | IV9: 857.09208 | IW9: 847.43122 | IX9: 765.71627 | IY9: 648.11696 | IZ9: 854.50782 | JA9: 898.80108 | JB9: 871.17634 | JC9: 852.56656 | JD9: 842.95132 | JE9: 761.66346 | JF9: 644.68244 | JG9: 849.97412 | JH9: 894.02661 | JI9: 866.54301 | JJ9: 848.02672 | JK9: 838.45724 | JL9: 757.59783 | JM9: 641.23706 | JN9: 845.42609 | JO9: 889.23705 | JP9: 860.72886 | JQ9: 841.18784 | JR9: 830.55738 | JS9: 749.42947 | JT9: 633.44955 | JU9: 834.00462 | JV9: 876.00742 | JW9: 847.89106 | JX9: 828.60979 | JY9: 818.10683 | JZ9: 738.16657 | KA9: 623.90545 | KB9: 821.40677 | KC9: 862.74131 | KD9: 835.01787 | KE9: 815.99707 | KF9: 805.62198 | KG9: 726.87264 | KH9: 614.33508 | KI9: 808.77424 | KJ9: 849.4387 | KK9: 822.10929 | KL9: 803.34969 | KM9: 793.10283 | KN9: 715.54771 | KO9: 604.73844 | KP9: 796.10706 | KQ9: 836.09961 | KR9: 809.16532 | KS9: 790.66765 | KT9: 780.54938 | KU9: 706.66752 | KV9: 599.31052 | KW9: 791.7093 | KX9: 834.381 | KY9: 810.32258 | KZ9: 794.56813 | LA9: 787.14775 | LB9: 712.63596 | LC9: 604.36769 | LD9: 798.384 | LE9: 841.40916 | LF9: 817.14198 | LG9: 801.24898 | LH9: 793.76029 | LI9: 718.61722 | LJ9: 609.43572 | LK9: 805.07303 | LL9: 848.4524 | LM9: 823.97601 | LN9: 807.94415 | LO9: 800.38701 | LP9: 724.61129 | LQ9: 614.51461 | LR9: 811.77639 | LS9: 855.51072 | LT9: 830.82467 | LU9: 814.65364 | LV9: 807.02791 | LW9: 730.61819 | LX9: 619.60436 | LY9: 814.13731 | LZ9: 853.41034 | MA9: 824.33771 | MB9: 803.94102 | MC9: 792.11298 | MD9: 713.22796 | ME9: 601.56627 | MF9: 790.32814 | MG9: 828.33867 | MH9: 800.00909 | MI9: 780.10511 | MJ9: 768.51915 | MK9: 691.88514 | ML9: 583.48089 | MM9: 766.45657 | MN9: 803.20132 | MO9: 775.61676 | MP9: 756.2068 | MQ9: 744.86358 | MR9: 670.48649 | MS9: 565.34822 | MT9: 742.52261 | MU9: 777.99829 | MV9: 751.16072 | MW9: 732.2461 | MX9: 721.14628 | MY9: 649.03201 | MZ9: 547.16826 | NA9: 756.34342 | NB9: 715.09311
A10: 733.91448 | B10: 771.91038 | C10: 748.14054 | D10: 732.11477 | E10: 723.81415 | F10: 653.97528 | G10: 553.50001 | H10: 729.7112 | I10: 767.48379 | J10: 743.84472 | K10: 727.90555 | L10: 719.64728 | M10: 650.20559 | N10: 550.30536 | O10: 725.49406 | P10: 763.0426 | Q10: 739.53475 | R10: 723.68246 | S10: 715.46668 | T10: 646.4235 | U10: 547.1002 | V10: 721.26304 | W10: 758.58682 | X10: 735.21062 | Y10: 719.44551 | Z10: 711.27237 | AA10: 642.62899 | AB10: 543.88453 | AC10: 717.01817 | AD10: 754.11645 | AE10: 730.87233 | AF10: 715.19469 | AG10: 707.4072 | AH10: 639.44228 | AI10: 541.44652 | AJ10: 714.14627 | AK10: 751.45661 | AL10: 728.64475 | AM10: 713.35836 | AN10: 705.58915 | AO10: 637.79735 | AP10: 540.05236 | AQ10: 712.3057 | AR10: 749.51806 | AS10: 726.76327 | AT10: 711.51462 | AU10: 703.76377 | AV10: 636.14579 | AW10: 538.6526 | AX10: 710.45772 | AY10: 747.57171 | AZ10: 724.87423 | BA10: 709.66347 | BB10: 701.93106 | BC10: 634.4876 | BD10: 537.24721 | BE10: 708.60234 | BF10: 745.61756 | BG10: 722.97762 | BH10: 707.8049 | BI10: 700.09101 | BJ10: 633.18072 | BK10: 536.4427 | BL10: 707.94012 | BM10: 745.34094 | BN10: 723.1173 | BO10: 708.34144 | BP10: 701.01759 | BQ10: 634.01858 | BR10: 537.15242 | BS10: 708.87655 | BT10: 746.32666 | BU10: 724.07345 | BV10: 709.27788 | BW10: 701.94416 | BX10: 634.85644 | BY10: 537.86213 | BZ10: 709.81298 | CA10: 747.31237 | CB10: 725.02959 | CC10: 710.21431 | CD10: 702.87073 | CE10: 635.69429 | CF10: 538.57185 | CG10: 710.74941 | CH10: 748.29809 | CI10: 725.98574 | CJ10: 711.15074 | CK10: 703.79731 | CL10: 636.53215 | CM10: 539.28156 | CN10: 711.68584 | CO10: 750.51214 | CP10: 729.3253 | CQ10: 715.58924 | CR10: 709.34502 | CS10: 642.59436 | CT10: 545.30267 | CU10: 720.7999 | CV10: 760.10912 | CW10: 738.63751 | CX10: 724.71251 | CY10: 718.3753 | CZ10: 650.76278 | DA10: 552.22413 | DB10: 729.93546 | DC10: 769.72873 | DD10: 747.97166 | DE10: 733.85728 | DF10: 727.42684 | DG10: 658.95043 | DH10: 559.16188 | DI10: 739.09251 | DJ10: 779.37096 | DK10: 757.32776 | DL10: 743.02353 | DM10: 736.49965 | DN10: 667.15732 | DO10: 566.11592 | DP10: 748.27105 | DQ10: 789.03581 | DR10: 766.7058 | DS10: 756.716 | DT10: 754.50998 | DU10: 687.47955 | DV10: 586.7503 | DW10: 780.01148 | DX10: 827.20069 | DY10: 808.33873 | DZ10: 797.50537 | EA10: 794.88469 | EB10: 724.00188 | EC10: 617.69813 | ED10: 820.86027 | EE10: 870.21506 | EF10: 850.07784 | EG10: 838.39874 | EH10: 835.3623 | EI10: 760.61727 | EJ10: 648.72477 | EK10: 861.81306 | EL10: 913.3389 | EM10: 891.92313 | EN10: 879.39609 | EO10: 875.94281 | EP10: 797.3257 | EQ10: 679.83023 | ER10: 902.86985 | ES10: 956.5722 | ET10: 933.8746 | EU10: 920.49745 | EV10: 916.62621 | EW10: 834.12718 | EX10: 709.36971 | EY10: 939.68938 | EZ10: 993.0591 | FA10: 967.06368 | FB10: 950.84363 | FC10: 944.5163 | FD10: 857.41412 | FE10: 729.1021 | FF10: 965.73438 | FG10: 1020.4846 | FH10: 993.67581 | FI10: 976.91626 | FJ10: 970.3236 | FK10: 880.75875 | FL10: 748.88336 | FM10: 991.84386 | FN10: 1047.9779 | FO10: 1020.3538 | FP10: 1003.0534 | FQ10: 996.19469 | FR10: 904.16107 | FS10: 768.71348 | FT10: 1018.0178 | FU10: 1075.5392 | FV10: 1047.0976 | FW10: 1029.255 | FX10: 1022.1296 | FY10: 927.62108 | FZ10: 788.59247 | GA10: 1044.2562 | GB10: 1098.6142 | GC10: 1065.0707 | GD10: 1042.5372 | GE10: 1030.9956 | GF10: 931.76976 | GG10: 788.82865 | GH10: 1040.2411 | GI10: 1094.3857 | GJ10: 1060.967 | GK10: 1038.5161 | GL10: 1027.0149 | GM10: 928.16844 | GN10: 785.77661 | GO10: 1036.2122 | GP10: 1090.1426 | GQ10: 1056.8492 | GR10: 1034.4812 | GS10: 1023.0205 | GT10: 924.55471 | GU10: 782.71407 | GV10: 1032.1693 | GW10: 1085.8849 | GX10: 1052.7172 | GY10: 1030.4325 | GZ10: 1019.0124 | HA10: 920.92857 | HB10: 779.64102 | HC10: 1028.1126 | HD10: 1081.6126 | HE10: 1048.5711 | HF10: 1026.3698 | HG10: 1015.3715 | HH10: 917.97921 | HI10: 777.43328 | HJ10: 1025.5831 | HK10: 1079.3538 | HL10: 1046.7719 | HM10: 1024.9917 | HN10: 1014.0069 | HO10: 916.74436 | HP10: 776.38654 | HQ10: 1024.201 | HR10: 1077.8979 | HS10: 1045.3587 | HT10: 1023.6066 | HU10: 1012.6354 | HV10: 915.5033 | HW10: 775.33454 | HX10: 1022.812 | HY10: 1076.4347 | HZ10: 1043.9384 | IA10: 1022.2146 | IB10: 1011.2571 | IC10: 914.25604 | ID10: 774.27729 | IE10: 1021.416 | IF10: 1074.9642 | IG10: 1042.511 | IH10: 1020.8156 | II10: 1009.8719 | IJ10: 913.00258 | IK10: 773.21479 | IL10: 1018.7997 | IM10: 1070.9315 | IN10: 1037.3584 | IO10: 1014.5536 | IP10: 1002.4724 | IQ10: 905.22304 | IR10: 765.70267 | IS10: 1008.8838 | IT10: 1060.4894 | IU10: 1027.2254 | IV10: 1004.6254 | IW10: 992.64468 | IX10: 896.3326 | IY10: 758.16884 | IZ10: 998.93926 | JA10: 1050.0171 | JB10: 1017.0631 | JC10: 994.66853 | JD10: 982.78859 | JE10: 887.41651 | JF10: 750.6133 | JG10: 988.96604 | JH10: 1039.5147 | JI10: 1006.8715 | JJ10: 984.68303 | JK10: 972.90415 | JL10: 878.47479 | JM10: 743.03603 | JN10: 978.96417 | JO10: 1028.9821 | JP10: 994.31832 | JQ10: 970.09943 | JR10: 956.2081 | JS10: 861.32755 | JT10: 726.77442 | JU10: 955.21532 | JV10: 1001.5692 | JW10: 967.71773 | JX10: 944.03739 | JY10: 930.4106 | JZ10: 837.99117 | KA10: 706.99962 | KB10: 929.11367 | KC10: 974.08338 | KD10: 941.04634 | KE10: 917.90603 | KF10: 904.5445 | KG10: 814.59275 | KH10: 687.17228 | KI10: 902.94269 | KJ10: 946.52455 | KK10: 914.30417 | KL10: 891.70534 | KM10: 878.60981 | KN10: 791.1323 | KO10: 667.2924 | KP10: 876.70239 | KQ10: 918.89275 | KR10: 887.49121 | KS10: 865.43532 | KT10: 852.60652 | KU10: 771.83734 | KV10: 654.52318 | KW10: 864.57249 | KX10: 911.09296 | KY10: 884.74661 | KZ10: 867.47082 | LA10: 859.29606 | LB10: 777.88823 | LC10: 659.65019 | LD10: 871.33934 | LE10: 918.21811 | LF10: 891.66011 | LG10: 874.24381 | LH10: 865.99979 | LI10: 783.95194 | LJ10: 664.78806 | LK10: 878.12052 | LL10: 925.35835 | LM10: 898.58823 | LN10: 881.03113 | LO10: 872.71769 | LP10: 790.02847 | LQ10: 669.93678 | LR10: 884.91603 | LS10: 932.51367 | LT10: 905.53098 | LU10: 887.83278 | LV10: 879.44976 | LW10: 796.11782 | LX10: 675.09637 | LY10: 887.36907 | LZ10: 930.51022 | MA10: 899.13801 | MB10: 877.21218 | MC10: 864.62585 | MD10: 778.80986 | ME10: 657.12795 | MF10: 863.65182 | MG10: 905.53532 | MH10: 874.90325 | MI10: 853.46819 | MJ10: 841.12298 | MK10: 757.54928 | ML10: 639.11224 | MM10: 839.87218 | MN10: 880.49473 | MO10: 850.60478 | MP10: 829.6618 | MQ10: 817.55837 | MR10: 736.23288 | MS10: 621.04923 | MT10: 816.03014 | MU10: 855.38846 | MV10: 826.24259 | MW10: 805.79302 | MX10: 793.93201 | MY10: 714.86065 | MZ10: 602.93894 | NA10: 833.81653 | NB10: 788.70569
A11: 768.32284 | B11: 806.96824 | C11: 781.0196 | D11: 763.21167 | E11: 753.49067 | F11: 679.82166 | G11: 574.55555 | H11: 756.38687 | I11: 794.39884 | J11: 768.82223 | K11: 751.26084 | L11: 741.66074 | M11: 669.11995 | N11: 565.48682 | O11: 744.41623 | P11: 781.79295 | Q11: 756.58946 | R11: 739.27534 | S11: 729.7965 | T11: 658.38723 | U11: 556.39181 | V11: 732.41092 | W11: 769.15058 | X11: 744.3213 | Y11: 727.25518 | Z11: 717.89797 | AA11: 647.62348 | AB11: 547.27054 | AC11: 720.37095 | AD11: 756.47171 | AE11: 732.01774 | AF11: 715.20035 | AG11: 707.4128 | AH11: 639.44734 | AI11: 541.4508 | AJ11: 714.15192 | AK11: 751.46256 | AL11: 728.65051 | AM11: 713.364 | AN11: 705.59473 | AO11: 637.80239 | AP11: 540.05663 | AQ11: 712.31133 | AR11: 749.52398 | AS11: 726.76902 | AT11: 711.52024 | AU11: 703.76933 | AV11: 636.15082 | AW11: 538.65685 | AX11: 710.46333 | AY11: 747.57761 | AZ11: 724.87995 | BA11: 709.66907 | BB11: 701.9366 | BC11: 634.49261 | BD11: 537.25145 | BE11: 708.60792 | BF11: 745.62343 | BG11: 722.98332 | BH11: 707.81048 | BI11: 700.09653 | BJ11: 633.1857 | BK11: 536.44693 | BL11: 707.94569 | BM11: 745.34681 | BN11: 723.123 | BO11: 708.34702 | BP11: 701.0231 | BQ11: 634.02356 | BR11: 537.15664 | BS11: 708.88212 | BT11: 746.33252 | BU11: 724.07914 | BV11: 709.28345 | BW11: 701.94968 | BX11: 634.86142 | BY11: 537.86636 | BZ11: 709.81855 | CA11: 747.31824 | CB11: 725.03529 | CC11: 710.21988 | CD11: 702.87625 | CE11: 635.69928 | CF11: 538.57607 | CG11: 710.75498 | CH11: 748.30396 | CI11: 725.99143 | CJ11: 711.15631 | CK11: 703.80282 | CL11: 636.53714 | CM11: 539.28579 | CN11: 711.69141 | CO11: 750.92747 | CP11: 730.12549 | CQ11: 716.7622 | CR11: 710.89097 | CS11: 644.34085 | CT11: 547.07741 | CU11: 723.53144 | CV11: 763.39496 | CW11: 742.22314 | CX11: 728.61451 | CY11: 722.62256 | CZ11: 654.95287 | DA11: 556.06952 | DB11: 735.40012 | DC11: 775.89262 | DD11: 754.35005 | DE11: 740.49547 | DF11: 734.38251 | DG11: 665.59053 | DH11: 565.08335 | DI11: 747.29746 | DJ11: 788.42044 | DK11: 766.50622 | DL11: 752.40509 | DM11: 746.17082 | DN11: 676.25383 | DO11: 574.1189 | DP11: 759.22345 | DQ11: 800.97843 | DR11: 778.69164 | DS11: 768.8355 | DT11: 766.87883 | DU11: 699.0051 | DV11: 596.80204 | DW11: 793.65554 | DX11: 841.96443 | DY11: 823.04923 | DZ11: 812.29434 | EA11: 809.89589 | EB11: 737.91769 | EC11: 629.7753 | ED11: 837.17777 | EE11: 887.79399 | EF11: 867.52008 | EG11: 855.86412 | EH11: 853.02271 | EI11: 776.92952 | EJ11: 662.83263 | EK11: 880.81093 | EL11: 933.74031 | EM11: 912.1042 | EN11: 899.54481 | EO11: 896.2593 | EP11: 816.04061 | EQ11: 695.97403 | ER11: 924.55502 | ES11: 979.8034 | ET11: 956.80157 | EU11: 943.33644 | EV11: 939.60563 | EW11: 855.25095 | EX11: 727.86249 | EY11: 964.88115 | EZ11: 1020.4103 | FA11: 994.40319 | FB11: 978.41188 | FC11: 972.57876 | FD11: 883.49931 | FE11: 751.79905 | FF11: 996.47537 | FG11: 1053.6792 | FH11: 1026.6855 | FI11: 1010.0399 | FJ11: 1003.885 | FK11: 911.81819 | FL11: 775.79534 | FM11: 1028.1484 | FN11: 1087.0311 | FO11: 1059.0483 | FP11: 1041.7467 | FQ11: 1035.2691 | FR11: 940.20757 | FS11: 799.85135 | FT11: 1059.9002 | FU11: 1120.4659 | FV11: 1091.4916 | FW11: 1073.5323 | FX11: 1066.7313 | FY11: 968.66746 | FZ11: 823.96708 | GA11: 1091.7308 | GB11: 1148.5967 | GC11: 1113.5627 | GD11: 1090.0381 | GE11: 1078.0051 | GF11: 974.28625 | GG11: 824.84926 | GH11: 1087.7771 | GI11: 1144.4328 | GJ11: 1109.5217 | GK11: 1086.0784 | GL11: 1074.0852 | GM11: 970.73983 | GN11: 821.84373 | GO11: 1083.8095 | GP11: 1140.2543 | GQ11: 1105.4665 | GR11: 1082.1049 | GS11: 1070.1515 | GT11: 967.18101 | GU11: 818.8277 | GV11: 1079.828 | GW11: 1136.0612 | GX11: 1101.3971 | GY11: 1078.1174 | GZ11: 1066.2041 | HA11: 963.60978 | HB11: 815.80116 | HC11: 1075.8327 | HD11: 1131.8535 | HE11: 1097.3136 | HF11: 1074.1162 | HG11: 1062.624 | HH11: 960.71532 | HI11: 813.63993 | HJ11: 1073.3646 | HK11: 1129.6593 | HL11: 1095.5772 | HM11: 1072.7994 | HN11: 1061.3201 | HO11: 959.53539 | HP11: 812.63971 | HQ11: 1072.0439 | HR11: 1128.268 | HS11: 1094.2266 | HT11: 1071.4757 | HU11: 1060.0093 | HV11: 958.34926 | HW11: 811.63424 | HX11: 1070.7162 | HY11: 1126.8694 | HZ11: 1092.869 | IA11: 1070.1451 | IB11: 1058.6917 | IC11: 957.15693 | ID11: 810.62351 | IE11: 1069.3816 | IF11: 1125.4636 | IG11: 1091.5043 | IH11: 1068.8075 | II11: 1057.3673 | IJ11: 955.95839 | IK11: 809.60753 | IL11: 1066.0264 | IM11: 1119.8102 | IN11: 1083.9619 | IO11: 1059.4038 | IP11: 1046.0661 | IQ11: 943.93334 | IR11: 797.89133 | IS11: 1050.5614 | IT11: 1103.5248 | IU11: 1068.1588 | IV11: 1043.9203 | IW11: 1030.7396 | IX11: 930.06875 | IY11: 786.14255 | IZ11: 1035.0534 | JA11: 1087.1941 | JB11: 1052.3118 | JC11: 1028.3939 | JD11: 1015.3705 | JE11: 916.1657 | JF11: 774.36119 | JG11: 1019.5024 | JH11: 1070.8182 | JI11: 1036.4208 | JJ11: 1012.8245 | JK11: 999.95894 | JL11: 902.22419 | JM11: 762.54726 | JN11: 1003.9084 | JO11: 1054.397 | JP11: 1018.1801 | JQ11: 992.69456 | JR11: 977.79859 | JS11: 880.15723 | JT11: 742.1365 | JU11: 974.70893 | JV11: 1021.2719 | JW11: 986.03658 | JX11: 961.20188 | JY11: 946.62565 | JZ11: 851.95831 | KA11: 718.24135 | KB11: 943.16872 | KC11: 988.05914 | KD11: 953.80809 | KE11: 929.62601 | KF11: 915.3704 | KG11: 823.68494 | KH11: 694.28314 | KI11: 911.5453 | KJ11: 954.75882 | KK11: 921.49465 | KL11: 897.96695 | KM11: 884.03283 | KN11: 795.33714 | KO11: 670.26188 | KP11: 879.8387 | KQ11: 921.37094 | KR11: 889.09627 | KS11: 866.22469 | KT11: 852.61294 | KU11: 772.56721 | KV11: 655.75496 | KW11: 867.00759 | KX11: 914.50898 | KY11: 888.88763 | KZ11: 872.33716 | LA11: 864.91364 | LB11: 783.69385 | LC11: 665.18298 | LD11: 879.45144 | LE11: 927.61207 | LF11: 901.60181 | LG11: 884.79328 | LH11: 877.2427 | LI11: 794.84613 | LJ11: 674.63272 | LK11: 891.92394 | LL11: 940.74533 | LM11: 914.34525 | LN11: 897.27807 | LO11: 889.60011 | LP11: 806.02405 | LQ11: 684.10418 | LR11: 904.42509 | LS11: 953.90875 | LT11: 927.11795 | LU11: 909.7915 | LV11: 901.98588 | LW11: 817.22761 | LX11: 693.59736 | LY11: 912.17814 | LZ11: 957.04418 | MA11: 925.28267 | MB11: 903.21624 | MC11: 890.75061 | MD11: 802.79009 | ME11: 677.74294 | MF11: 891.2512 | MG11: 935.00748 | MH11: 903.89897 | MI11: 882.26553 | MJ11: 870.01259 | MK11: 784.03054 | ML11: 661.84649 | MM11: 870.26879 | MN11: 912.91239 | MO11: 882.45865 | MP11: 861.25935 | MQ11: 849.21969 | MR11: 765.22136 | MS11: 645.908 | MT11: 849.23092 | MU11: 890.75893 | MV11: 860.9617 | MW11: 840.19771 | MX11: 828.37191 | MY11: 746.36255 | MZ11: 629.92748 | NA11: 871.72377 | NB11: 825.11972
A12: 756.86137 | B12: 795.29067 | C12: 770.06803 | D12: 752.85398 | E12: 743.60634 | F12: 671.21328 | G12: 567.54302 | H12: 747.50286 | I12: 785.43544 | J12: 760.50441 | K12: 743.48359 | L12: 734.33067 | M12: 662.82216 | N12: 560.43225 | O12: 738.11662 | P12: 775.55102 | Q12: 750.91248 | R12: 734.08546 | S12: 725.02755 | T12: 654.40622 | U12: 553.30045 | V12: 728.70265 | W12: 765.63741 | X12: 741.29223 | Y12: 724.65961 | Z12: 715.69699 | AA12: 645.96547 | AB12: 546.14764 | AC12: 719.26095 | AD12: 755.6946 | AE12: 731.64367 | AF12: 715.20602 | AG12: 707.41841 | AH12: 639.4524 | AI12: 541.45509 | AJ12: 714.15757 | AK12: 751.46851 | AL12: 728.65628 | AM12: 713.36965 | AN12: 705.60032 | AO12: 637.80744 | AP12: 540.0609 | AQ12: 712.31696 | AR12: 749.52991 | AS12: 726.77476 | AT12: 711.52586 | AU12: 703.77489 | AV12: 636.15584 | AW12: 538.6611 | AX12: 710.46894 | AY12: 747.58351 | AZ12: 724.88567 | BA12: 709.67467 | BB12: 701.94213 | BC12: 634.49761 | BD12: 537.25568 | BE12: 708.61351 | BF12: 745.62931 | BG12: 722.98902 | BH12: 707.81606 | BI12: 700.10204 | BJ12: 633.19069 | BK12: 536.45115 | BL12: 707.95127 | BM12: 745.35267 | BN12: 723.12869 | BO12: 708.35259 | BP12: 701.02862 | BQ12: 634.02855 | BR12: 537.16087 | BS12: 708.8877 | BT12: 746.33839 | BU12: 724.08483 | BV12: 709.28902 | BW12: 701.95519 | BX12: 634.86641 | BY12: 537.87058 | BZ12: 709.82413 | CA12: 747.32411 | CB12: 725.04098 | CC12: 710.22545 | CD12: 702.88176 | CE12: 635.70427 | CF12: 538.5803 | CG12: 710.76056 | CH12: 748.30983 | CI12: 725.99712 | CJ12: 711.16189 | CK12: 703.80834 | CL12: 636.54213 | CM12: 539.29001 | CN12: 711.69699 | CO12: 750.93335 | CP12: 730.13121 | CQ12: 716.76781 | CR12: 710.89653 | CS12: 644.34589 | CT12: 547.08169 | CU12: 723.5371 | CV12: 763.40093 | CW12: 742.22894 | CX12: 728.62021 | CY12: 722.62821 | CZ12: 654.95799 | DA12: 556.07387 | DB12: 735.40587 | DC12: 775.89868 | DD12: 754.35594 | DE12: 740.50125 | DF12: 734.38825 | DG12: 665.59572 | DH12: 565.08776 | DI12: 747.30329 | DJ12: 788.42659 | DK12: 766.51219 | DL12: 752.41096 | DM12: 746.17663 | DN12: 676.2591 | DO12: 574.12337 | DP12: 759.22937 | DQ12: 800.98467 | DR12: 778.69771 | DS12: 769.59859 | DT12: 768.38335 | DU12: 701.04353 | DV12: 599.1032 | DW12: 797.45008 | DX12: 846.75717 | DY12: 828.47302 | DZ12: 818.36543 | EA12: 816.6545 | EB12: 744.70892 | EC12: 636.10387 | ED12: 846.28823 | EE12: 898.18452 | EF12: 878.37575 | EG12: 867.25707 | EH12: 865.04913 | EI12: 788.48597 | EJ12: 673.19911 | EK12: 895.25118 | EL12: 949.74323 | EM12: 928.4059 | EN12: 916.2735 | EO12: 913.56723 | EP12: 832.37468 | EQ12: 710.38894 | ER12: 944.33891 | ES12: 1001.4333 | ET12: 978.56347 | EU12: 965.41472 | EV12: 962.20881 | EW12: 876.37504 | EX12: 745.16282 | EY12: 986.92523 | EZ12: 1042.7903 | FA12: 1015.312 | FB12: 998.10596 | FC12: 991.28986 | FD12: 899.71727 | FE12: 764.94204 | FF12: 1013.032 | FG12: 1070.2809 | FH12: 1041.9872 | FI12: 1024.2404 | FJ12: 1017.1583 | FK12: 923.11718 | FL12: 784.77013 | FM12: 1039.2033 | FN12: 1097.8393 | FO12: 1068.7283 | FP12: 1050.4393 | FQ12: 1043.0905 | FR12: 946.57479 | FS12: 804.64708 | FT12: 1065.439 | FU12: 1125.4655 | FV12: 1095.5352 | FW12: 1076.7027 | FX12: 1069.0866 | FY12: 970.09008 | FZ12: 824.5729 | GA12: 1091.7392 | GB12: 1149.0086 | GC12: 1114.3532 | GD12: 1091.1955 | GE12: 1079.5296 | GF12: 976.00784 | GG12: 826.59826 | GH12: 1090.4685 | GI12: 1147.6699 | GJ12: 1113.0537 | GK12: 1089.9218 | GL12: 1078.2683 | GM12: 974.86644 | GN12: 825.63067 | GO12: 1089.1909 | GP12: 1146.324 | GQ12: 1111.7472 | GR12: 1088.6412 | GS12: 1077.0002 | GT12: 973.71884 | GU12: 824.65784 | GV12: 1087.9063 | GW12: 1144.9707 | GX12: 1110.4335 | GY12: 1087.3536 | GZ12: 1075.7252 | HA12: 972.56504 | HB12: 823.67975 | HC12: 1086.6147 | HD12: 1143.6102 | HE12: 1109.1128 | HF12: 1086.0591 | HG12: 1074.8244 | HH12: 972.09421 | HI12: 823.57223 | HJ12: 1086.8574 | HK12: 1144.2705 | HL12: 1110.1461 | HM12: 1087.4561 | HN12: 1076.2066 | HO12: 973.34413 | HP12: 824.63099 | HQ12: 1088.2543 | HR12: 1145.741 | HS12: 1111.5725 | HT12: 1088.853 | HU12: 1077.5889 | HV12: 974.59405 | HW12: 825.68974 | HX12: 1089.6513 | HY12: 1147.2115 | HZ12: 1112.9989 | IA12: 1090.25 | IB12: 1078.9712 | IC12: 975.84398 | ID12: 826.7485 | IE12: 1091.0483 | IF12: 1148.6819 | IG12: 1114.4253 | IH12: 1091.647 | II12: 1080.3534 | IJ12: 977.0939 | IK12: 827.80726 | IL12: 1089.2439 | IM12: 1143.4116 | IN12: 1106.042 | IO12: 1080.2317 | IP12: 1065.8861 | IQ12: 961.14217 | IR12: 811.86363 | IS12: 1068.199 | IT12: 1121.2505 | IU12: 1084.5373 | IV12: 1059.1622 | IW12: 1045.0303 | IX12: 942.27588 | IY12: 795.87658 | IZ12: 1047.0968 | JA12: 1099.029 | JB12: 1062.9741 | JC12: 1038.0355 | JD12: 1024.1178 | JE12: 923.35832 | JF12: 779.84608 | JG12: 1025.9373 | JH12: 1076.7472 | JI12: 1041.3524 | JJ12: 1016.8514 | JK12: 1003.1486 | JL12: 904.38947 | JM12: 763.77215 | JN12: 1004.7204 | JO12: 1054.405 | JP12: 1017.3927 | JQ12: 991.14429 | JR12: 975.49348 | JS12: 877.37525 | JT12: 739.18891 | JU12: 970.03954 | JV12: 1015.5352 | JW12: 979.67476 | JX12: 954.19018 | JY12: 938.91464 | JZ12: 844.28624 | KA12: 711.15006 | KB12: 933.02997 | KC12: 976.56312 | KD12: 941.85773 | KE12: 917.13901 | KF12: 902.23977 | KG12: 811.11039 | KH12: 683.03765 | KI12: 895.92334 | KJ12: 937.48892 | KK12: 903.94159 | KL12: 879.99079 | KM12: 865.46886 | KN12: 777.84769 | KO12: 654.85168 | KP12: 858.71965 | KQ12: 898.31254 | KR12: 865.92635 | KS12: 842.7455 | KT12: 828.60191 | KU12: 751.21323 | KV12: 637.97034 | KW12: 843.94231 | KX12: 890.65151 | KY12: 866.15516 | KZ12: 850.47438 | LA12: 843.6779 | LB12: 764.85035 | LC12: 649.52566 | LD12: 859.19403 | LE12: 906.71134 | LF12: 881.73842 | LG12: 865.74145 | LH12: 858.78933 | LI12: 778.51952 | LJ12: 661.10813 | LK12: 874.48158 | LL12: 922.80888 | LM12: 897.35826 | LN12: 881.04435 | LO12: 873.93621 | LP12: 792.22074 | LQ12: 672.71775 | LR12: 889.80494 | LS12: 938.94413 | LT12: 913.01467 | LU12: 896.38306 | LV12: 889.11853 | LW12: 805.95401 | LX12: 684.35452 | LY12: 899.98051 | LZ12: 944.20224 | MA12: 912.82372 | MB12: 891.01196 | MC12: 878.6726 | MD12: 791.8665 | ME12: 668.48834 | MF12: 879.03805 | MG12: 922.1492 | MH12: 891.42418 | MI12: 870.04573 | MJ12: 857.91923 | MK12: 773.09307 | ML12: 652.58013 | MM12: 858.04013 | MN12: 900.03778 | MO12: 869.96802 | MP12: 849.02404 | MQ12: 837.11097 | MR12: 754.27 | MS12: 636.62988 | MT12: 836.98674 | MU12: 877.86798 | MV12: 848.45522 | MW12: 827.94688 | MX12: 816.24784 | MY12: 735.39732 | MZ12: 620.6376 | NA12: 858.81883 | NB12: 812.85781
... A24: 561.96596 | B24: 590.09821 | C24: 570.99314 | D24: 557.8463 | E24: 550.61434 | F24: 496.66576 | G24: 419.66264 | H24: 552.34549 | I24: 579.96723 | J24: 561.16204 | K24: 548.21394 | L24: 541.07946 | M24: 488.04025 | N24: 412.35332 | O24: 542.69729 | P24: 569.80706 | Q24: 551.30263 | R24: 538.55385 | S24: 531.51714 | T24: 479.38992 | U24: 405.02299 | V24: 533.02135 | W24: 559.6177 | X24: 541.4149 | Y24: 528.86604 | Z24: 521.92738 | AA24: 470.71478 | AB24: 397.67163 | AC24: 523.31769 | AD24: 549.39915 | AE24: 531.49886 | AF24: 519.15049 | AG24: 513.78339 | AH24: 464.67967 | AI24: 393.6858 | AJ24: 519.54524 | AK24: 546.9936 | AL24: 530.68456 | AM24: 519.8413 | AN24: 514.46693 | AO24: 465.29776 | AP24: 394.20937 | AQ24: 520.23604 | AR24: 547.72077 | AS24: 531.38991 | AT24: 520.53211 | AU24: 515.15047 | AV24: 465.91585 | AW24: 394.73293 | AX24: 520.92685 | AY24: 548.44794 | AZ24: 532.09527 | BA24: 521.22292 | BB24: 515.83401 | BC24: 466.53394 | BD24: 395.25649 | BE24: 521.61766 | BF24: 549.17511 | BG24: 532.80062 | BH24: 521.91373 | BI24: 516.51755 | BJ24: 467.82179 | BK24: 396.9149 | BL24: 524.55496 | BM24: 553.05584 | BN24: 537.33039 | BO24: 527.10006 | BP24: 522.39163 | BQ24: 473.13523 | BR24: 401.4172 | BS24: 530.49748 | BT24: 559.3132 | BU24: 543.40206 | BV24: 533.04852 | BW24: 528.27944 | BX24: 478.46109 | BY24: 405.93002 | BZ24: 536.45387 | CA24: 565.58517 | CB24: 549.48788 | CC24: 539.01085 | CD24: 534.18096 | CE24: 483.79935 | CF24: 410.45334 | CG24: 542.42412 | CH24: 571.87173 | CI24: 555.58787 | CJ24: 544.98704 | CK24: 540.09621 | CL24: 489.15001 | CM24: 414.98717 | CN24: 548.40823 | CO24: 579.83726 | CP24: 564.93151 | CQ24: 555.72236 | CR24: 552.28676 | CS24: 501.592 | CT24: 426.72837 | CU24: 565.4868 | CV24: 597.82116 | CW24: 582.38217 | CX24: 572.81935 | CY24: 569.20986 | CZ24: 516.9003 | DA24: 439.70005 | DB24: 582.60835 | DC24: 615.85031 | DD24: 599.87671 | DE24: 589.95932 | DF24: 586.17549 | DG24: 532.24705 | DH24: 452.70431 | DI24: 599.77289 | DJ24: 633.92471 | DK24: 617.41515 | DL24: 607.14228 | DM24: 603.18365 | DN24: 547.63226 | DO24: 465.74114 | DP24: 616.98041 | DQ24: 652.04435 | DR24: 634.99747 | DS24: 626.18544 | DT24: 623.8312 | DU24: 567.93557 | DV24: 484.3227 | DW24: 643.32383 | DX24: 681.69717 | DY24: 665.62662 | DZ24: 656.19396 | EA24: 653.53462 | EB24: 594.80479 | EC24: 507.09077 | ED24: 673.37592 | EE24: 713.34243 | EF24: 696.33364 | EG24: 686.27874 | EH24: 683.31349 | EI24: 621.74225 | EJ24: 529.91663 | EK24: 703.50428 | EL24: 745.06795 | EM24: 727.11852 | EN24: 716.43978 | EO24: 713.16783 | EP24: 648.74794 | EQ24: 552.8003 | ER24: 733.70889 | ES24: 776.87375 | ET24: 757.98127 | EU24: 746.67708 | EV24: 743.09762 | EW24: 675.82186 | EX24: 575.25115 | EY24: 762.69487 | EZ24: 806.71487 | FA24: 786.27659 | FB24: 773.75159 | FC24: 769.25621 | FD24: 698.90517 | FE24: 594.81106 | FF24: 788.51229 | FG24: 833.9008 | FH24: 812.65634 | FI24: 799.59664 | FJ24: 794.83833 | FK24: 722.04617 | FL24: 614.41983 | FM24: 814.39419 | FN24: 861.1546 | FO24: 839.10193 | FP24: 825.50617 | FQ24: 820.48424 | FR24: 745.24487 | FS24: 634.07747 | FT24: 840.34056 | FU24: 888.47626 | FV24: 865.61335 | FW24: 851.48017 | FX24: 846.19394 | FY24: 768.50125 | FZ24: 653.78397 | GA24: 866.35141 | GB24: 910.9082 | GC24: 882.57109 | GD24: 863.38428 | GE24: 853.31655 | GF24: 770.72995 | GG24: 652.10273 | GH24: 859.42216 | GI24: 903.61112 | GJ24: 875.48989 | GK24: 856.44611 | GL24: 846.44848 | GM24: 764.51681 | GN24: 646.83758 | GO24: 852.47211 | GP24: 896.29216 | GQ24: 868.38746 | GR24: 849.48715 | GS24: 839.55983 | GT24: 758.28505 | GU24: 641.55666 | GV24: 845.50127 | GW24: 888.9513 | GX24: 861.26379 | GY24: 842.50739 | GZ24: 832.6506 | HA24: 752.03469 | HB24: 636.25998 | HC24: 838.50962 | HD24: 881.58854 | HE24: 854.11889 | HF24: 835.50684 | HG24: 826.10184 | HH24: 746.45496 | HI24: 631.82345 | HJ24: 833.03842 | HK24: 876.23221 | HL24: 849.31414 | HM24: 831.18413 | HN24: 821.82267 | HO24: 742.58373 | HP24: 628.54279 | HQ24: 828.70779 | HR24: 871.67157 | HS24: 844.88829 | HT24: 826.84756 | HU24: 817.52979 | HV24: 738.7001 | HW24: 625.25162 | HX24: 824.36329 | HY24: 867.09633 | HZ24: 840.44829 | IA24: 822.49712 | IB24: 813.22318 | IC24: 734.80405 | ID24: 621.94995 | IE24: 820.00493 | IF24: 862.5065 | IG24: 835.99413 | IH24: 818.13281 | II24: 808.90286 | IJ24: 730.89561 | IK24: 618.63776 | IL24: 812.80548 | IM24: 851.94895 | IN24: 822.86243 | IO24: 802.43958 | IP24: 790.57131 | IQ24: 711.7832 | IR24: 600.2995 | IS24: 788.59995 | IT24: 826.45974 | IU24: 798.1285 | IV24: 778.20642 | IW24: 766.58412 | IX24: 690.08441 | IY24: 581.91237 | IZ24: 764.32995 | JA24: 800.90267 | JB24: 773.32874 | JC24: 753.90878 | JD24: 742.53313 | JE24: 668.32794 | JF24: 563.47637 | JG24: 739.99546 | JH24: 775.27773 | JI24: 748.46314 | JJ24: 729.54666 | JK24: 718.41835 | JL24: 646.51377 | JM24: 544.99151 | JN24: 715.59651 | JO24: 749.58492 | JP24: 724.44622 | JQ24: 706.9117 | JR24: 696.8994 | JS24: 627.84915 | JT24: 529.85429 | JU24: 696.51184 | JV24: 730.43095 | JW24: 705.85979 | JX24: 688.70156 | JY24: 678.87408 | JZ24: 611.54346 | KA24: 516.03715 | KB24: 678.27398 | KC24: 711.2259 | KD24: 687.2238 | KE24: 670.44289 | KF24: 660.80075 | KG24: 595.19435 | KH24: 502.18324 | KI24: 659.98758 | KJ24: 691.96976 | KK24: 668.53827 | KL24: 652.13569 | KM24: 642.6794 | KN24: 578.80182 | KO24: 488.29255 | KP24: 641.65265 | KQ24: 672.66254 | KR24: 649.80319 | KS24: 633.77996 | KT24: 624.51003 | KU24: 566.2668 | KV24: 480.97492 | KW24: 636.35353 | KX24: 671.67154 | KY24: 653.29293 | KZ24: 641.55857 | LA24: 636.52323 | LB24: 577.13347 | LC24: 490.18272 | LD24: 648.50681 | LE24: 684.46877 | LF24: 665.71043 | LG24: 653.72413 | LH24: 648.56478 | LI24: 588.02577 | LJ24: 499.41225 | LK24: 660.68874 | LL24: 697.29617 | LM24: 678.15718 | LN24: 665.91835 | LO24: 660.63469 | LP24: 598.9437 | LQ24: 508.66349 | LR24: 672.89933 | LS24: 710.15373 | LT24: 690.6332 | LU24: 678.14122 | LV24: 672.73295 | LW24: 609.88728 | LX24: 517.93644 | LY24: 680.75508 | LZ24: 713.81137 | MA24: 689.70629 | MB24: 672.84929 | MC24: 663.15718 | MD24: 597.30288 | ME24: 503.95042 | MF24: 662.29437 | MG24: 694.37175 | MH24: 670.84278 | MI24: 654.36778 | MJ24: 644.86335 | MK24: 580.75439 | ML24: 489.92762 | MM24: 643.78513 | MN24: 674.88104 | MO24: 651.92971 | MP24: 635.83774 | MQ24: 626.52151 | MR24: 564.16247 | MS24: 475.86804 | MT24: 625.22736 | MU24: 655.33925 | MV24: 632.96709 | MW24: 617.25917 | MX24: 608.13164 | MY24: 547.52714 | MZ24: 461.77167 | NA24: 638.54848 | NB24: 603.95905
A26: 0 | B26: =A26+1 -> 1 | C26: =B26+1 -> 2 | D26: =C26+1 -> 3 | E26: =D26+1 -> 4 | F26: =E26+1 -> 5 | G26: =F26+1 -> 6 | H26: =G26+1 -> 7 | I26: =H26+1 -> 8 | ... NB26: =NA26+1 -> 365 | NC26: Days
A27: =SUM(Sheet1!A1:A24) -> 15103.083 | B27: =SUM(Sheet1!B1:B24) -> 15890.896 | C27: =SUM(Sheet1!C1:C24) -> 15407.292 | D27: =SUM(Sheet1!D1:D24) -> 15082.876 | E27: =SUM(Sheet1!E1:E24) -> 14917.437 | F27: =SUM(Sheet1!F1:F24) -> 13483.135 | G27: =SUM(Sheet1!G1:G24) -> 11415.893 | H27: =SUM(Sheet1!H1:H24) -> 15055.882 | ... NB27: =SUM(Sheet1!NB1:NB24) -> 16238.42 | NC27: MWh/ day

Sheet Sheet4
A1: 0.31600842 | B1: 0.33301071 | C1: 0.32337965 | D1: 0.317064 | E1: 0.31407485 | F1: 0.28431898 | G1: 0.24110191 | H1: 0.31847299 | I1: 0.3356058 | J1: 0.32589769 | K1: 0.3195309 | L1: 0.31651656 | M1: 0.2865276 | N1: 0.24297333 | O1: 0.32094301 | P1: 0.33820664 | Q1: 0.3284213 | R1: 0.32200326 | S1: 0.31896367 | T1: 0.28874111 | U1: 0.24484889 | V1: 0.32341849 | W1: 0.34081323 | X1: 0.33095049 | Y1: 0.32448108 | Z1: 0.32141617 | AA1: 0.2909595 | AB1: 0.24672859 | AC1: 0.32589942 | AD1: 0.34342557 | AE1: 0.33348525 | AF1: 0.32696435 | AG1: 0.32389408 | AH1: 0.29321894 | AI1: 0.24865839 | AJ1: 0.3284667 | AK1: 0.34615009 | AL1: 0.33614951 | AM1: 0.32959472 | AN1: 0.32649758 | AO1: 0.29557392 | AP1: 0.25065383 | AQ1: 0.3311004 | AR1: 0.34892328 | AS1: 0.33884036 | AT1: 0.33223092 | AU1: 0.32910685 | AV1: 0.29793411 | AW1: 0.25265369 | AX1: 0.33373993 | AY1: 0.35170262 | AZ1: 0.34153716 | BA1: 0.33487295 | BB1: 0.3317219 | BC1: 0.30029953 | BD1: 0.25465796 | BE1: 0.3363853 | BF1: 0.35448809 | BG1: 0.34423992 | BH1: 0.33752082 | BI1: 0.33434272 | BJ1: 0.30186109 | BK1: 0.25529572 | BL1: 0.33632267 | BM1: 0.3534701 | BN1: 0.34232862 | BO1: 0.33474377 | BP1: 0.33069895 | BQ1: 0.29856479 | BR1: 0.25250239 | BS1: 0.33263546 | BT1: 0.34958718 | BU1: 0.33856059 | BV1: 0.33105188 | BW1: 0.32704438 | BX1: 0.29525873 | BY1: 0.24970077 | BZ1: 0.32893732 | CA1: 0.34569277 | CB1: 0.33478142 | CC1: 0.32734907 | CD1: 0.323379 | CE1: 0.29194289 | CF1: 0.24689089 | CG1: 0.32522828 | CH1: 0.34178686 | CI1: 0.3309911 | CJ1: 0.32363534 | CK1: 0.31970282 | CL1: 0.28861729 | CM1: 0.24407272 | CN1: 0.32150831 | CO1: 0.34010529 | CP1: 0.33152795 | CQ1: 0.32628519 | CR1: 0.32442728 | CS1: 0.29479132 | CT1: 0.25091413 | CU1: 0.33266242 | CV1: 0.3518507 | CW1: 0.34292511 | CX1: 0.33745139 | CY1: 0.33547993 | CZ1: 0.30478934 | DA1: 0.25938609 | DB1: 0.34384474 | DC1: 0.36362581 | DD1: 0.35435108 | DE1: 0.3486458 | DF1: 0.34656049 | DG1: 0.3148126 | DH1: 0.26787944 | DI1: 0.35505526 | DJ1: 0.3754306 | DK1: 0.36580584 | DL1: 0.35986841 | DM1: 0.35766895 | DN1: 0.3248611 | DO1: 0.27639415 | DP1: 0.36629399 | DQ1: 0.38726508 | DR1: 0.3772894 | DS1: 0.37226174 | DT1: 0.37106673 | DU1: 0.33800273 | DV1: 0.28839582 | DW1: 0.38327778 | DX1: 0.40635189 | DY1: 0.3969769 | DZ1: 0.39155033 | EA1: 0.39015923 | EB1: 0.3552735 | EC1: 0.3030305 | ED1: 0.40259445 | EE1: 0.42669261 | EF1: 0.41671457 | EG1: 0.41088806 | EH1: 0.40930034 | EI1: 0.37258824 | EJ1: 0.31770242 | EK1: 0.42196024 | EL1: 0.44708505 | EM1: 0.4365024 | EN1: 0.43027491 | EO1: 0.42849007 | EP1: 0.38994693 | EQ1: 0.33241157 | ER1: 0.44137517 | ES1: 0.46752921 | ET1: 0.4563404 | EU1: 0.4497109 | EV1: 0.44772841 | EW1: 0.40734958 | EX1: 0.34675658 | EY1: 0.45977983 | EZ1: 0.48635203 | FA1: 0.47406435 | FB1: 0.46654604 | FC1: 0.46386828 | FD1: 0.42147551 | FE1: 0.35872635 | FF1: 0.47557892 | FG1: 0.50298859 | FH1: 0.49020757 | FI1: 0.48236205 | FJ1: 0.47952339 | FK1: 0.43563678 | FL1: 0.37072605 | FM1: 0.4914175 | FN1: 0.51966671 | FO1: 0.50639111 | FP1: 0.49821755 | FQ1: 0.49521757 | FR1: 0.44983337 | FS1: 0.38275567 | FT1: 0.50729556 | FU1: 0.5363864 | FV1: 0.52261497 | FW1: 0.51411253 | FX1: 0.51095082 | FY1: 0.46406529 | FZ1: 0.39481522 | GA1: 0.52321311 | GB1: 0.55085243 | GC1: 0.53442559 | GD1: 0.52350321 | GE1: 0.51808833 | GF1: 0.46857065 | GG1: 0.3969802 | GH1: 0.52389002 | GI1: 0.55156497 | GJ1: 0.53511675 | GK1: 0.52418012 | GL1: 0.51875812 | GM1: 0.46917631 | GN1: 0.39749322 | GO1: 0.52456693 | GP1: 0.5522775 | GQ1: 0.53580791 | GR1: 0.52485703 | GS1: 0.5194279 | GT1: 0.46978196 | GU1: 0.39800625 | GV1: 0.52524383 | GW1: 0.55299004 | GX1: 0.53649907 | GY1: 0.52553394 | GZ1: 0.52009768 | HA1: 0.47038762 | HB1: 0.39851927 | HC1: 0.52592074 | HD1: 0.55370257 | HE1: 0.53719023 | HF1: 0.52621085 | HG1: 0.51986752 | HH1: 0.46936542 | HI1: 0.39696358 | HJ1: 0.52295758 | HK1: 0.54962466 | HL1: 0.53230428 | HM1: 0.52051411 | HN1: 0.51422844 | HO1: 0.46426415 | HP1: 0.39264074 | HQ1: 0.51725148 | HR1: 0.54361578 | HS1: 0.52647328 | HT1: 0.514801 | HU1: 0.50857315 | HV1: 0.45914824 | HW1: 0.38830548 | HX1: 0.51152902 | HY1: 0.53758967 | HZ1: 0.52062556 | IA1: 0.50907152 | IB1: 0.50290166 | IC1: 0.45401767 | ID1: 0.38395782 | IE1: 0.50579017 | IF1: 0.53154631 | IG1: 0.51476112 | IH1: 0.50332565 | II1: 0.49721397 | IJ1: 0.44887245 | IK1: 0.37959774 | IL1: 0.49937433 | IM1: 0.5240947 | IN1: 0.50685565 | IO1: 0.4949195 | IP1: 0.48823937 | IQ1: 0.44016287 | IR1: 0.37171667 | IS1: 0.48897167 | IT1: 0.51314029 | IU1: 0.49622576 | IV1: 0.48450475 | IW1: 0.47793026 | IX1: 0.4308372 | IY1: 0.36381422 | IZ1: 0.4785408 | JA1: 0.50215618 | JB1: 0.48556706 | JC1: 0.47406179 | JD1: 0.46759324 | JE1: 0.42148629 | JF1: 0.3558904 | JG1: 0.46808173 | JH1: 0.49114239 | JI1: 0.47487957 | JJ1: 0.46359063 | JK1: 0.45722832 | JL1: 0.41211014 | JM1: 0.3479452 | JN1: 0.45759445 | JO1: 0.48009891 | JP1: 0.4635894 | JQ1: 0.45196697 | JR1: 0.44516649 | JS1: 0.40069614 | JT1: 0.33784722 | JU1: 0.44370363 | JV1: 0.46487983 | JW1: 0.44882132 | JX1: 0.43749793 | JY1: 0.43084435 | JZ1: 0.38774038 | KA1: 0.32686879 | KB1: 0.42921275 | KC1: 0.44962053 | KD1: 0.43401423 | KE1: 0.42299068 | KF1: 0.41648441 | KG1: 0.37475044 | KH1: 0.31586141 | KI1: 0.41468366 | KJ1: 0.43432101 | KK1: 0.41916812 | KL1: 0.40844521 | KM1: 0.40208665 | KN1: 0.36172631 | KO1: 0.30482507 | KP1: 0.40011636 | KQ1: 0.41898126 | KR1: 0.40428299 | KS1: 0.39386154 | KT1: 0.38765109 | KU1: 0.35088394 | KV1: 0.29751453 | KW1: 0.3929435 | KX1: 0.41403496 | KY1: 0.40201196 | KZ1: 0.394113 | LA1: 0.3903504 | LB1: 0.35332553 | LC1: 0.29958331 | LD1: 0.39567394 | LE1: 0.41690997 | LF1: 0.40480153 | LG1: 0.39684586 | LH1: 0.39305529 | LI1: 0.35577217 | LJ1: 0.30165637 | LK1: 0.39841003 | LL1: 0.41979091 | LM1: 0.40759686 | LN1: 0.39958437 | LO1: 0.39576577 | LP1: 0.35822385 | LQ1: 0.3037337 | LR1: 0.40115176 | LS1: 0.42267778 | LT1: 0.41039796 | LU1: 0.40232851 | LV1: 0.39848182 | LW1: 0.36068058 | LX1: 0.3058153 | LY1: 0.40140905 | LZ1: 0.42032738 | MA1: 0.40557456 | MB1: 0.39511261 | MC1: 0.38887527 | MD1: 0.34976255 | ME1: 0.29467641 | MF1: 0.38670644 | MG1: 0.40484521 | MH1: 0.39055128 | MI1: 0.38039363 | MJ1: 0.37430582 | MK1: 0.33658317 | ML1: 0.28350856 | MM1: 0.37196563 | MN1: 0.38932282 | MO1: 0.37548899 | MP1: 0.36563643 | MQ1: 0.35969856 | MR1: 0.32336959 | MS1: 0.27231175 | MT1: 0.3571866 | MU1: 0.3737602 | MV1: 0.36038767 | MW1: 0.35084103 | MX1: 0.3450535 | MY1: 0.31012183 | MZ1: 0.26108598 | NA1: 0.36038879 | NB1: 0.34024949
A2: 0.28892429 | B2: 0.304189 | C2: 0.29511975 | D2: 0.28909006 | E2: 0.28610169 | F2: 0.25875841 | G2: 0.21922548 | H2: 0.28931109 | I2: 0.30459616 | J2: 0.2955147 | K2: 0.28947687 | L2: 0.28648442 | M2: 0.2591045 | N2: 0.21951863 | O2: 0.2896979 | P2: 0.30500332 | Q2: 0.29590965 | R2: 0.28986367 | S2: 0.28686715 | T2: 0.25945059 | U2: 0.21981179 | V2: 0.2900847 | W2: 0.30541049 | X2: 0.29630459 | Y2: 0.29025048 | Z2: 0.28724989 | AA2: 0.25979668 | AB2: 0.22010495 | AC2: 0.29047151 | AD2: 0.30581765 | AE2: 0.29669954 | AF2: 0.29063728 | AG2: 0.28794257 | AH2: 0.26070342 | AI2: 0.2211106 | AJ2: 0.29211201 | AK2: 0.30787473 | AL2: 0.29901536 | AM2: 0.29321931 | AN2: 0.29049824 | AO2: 0.26301515 | AP2: 0.2230694 | AQ2: 0.29469738 | AR2: 0.31059705 | AS2: 0.30165686 | AT2: 0.29580718 | AU2: 0.29305969 | AV2: 0.2653321 | AW2: 0.22503263 | AX2: 0.29728858 | AY2: 0.3133255 | AZ2: 0.30430431 | BA2: 0.29840088 | BB2: 0.29562692 | BC2: 0.26765427 | BD2: 0.22700028 | BE2: 0.29988561 | BF2: 0.3160601 | BG2: 0.30695772 | BH2: 0.30100042 | BI2: 0.29819991 | BJ2: 0.26943621 | BK2: 0.22804811 | BL2: 0.30065892 | BM2: 0.31623254 | BN2: 0.30650244 | BO2: 0.29994458 | BP2: 0.29655144 | BQ2: 0.26794487 | BR2: 0.22678426 | BS2: 0.29899057 | BT2: 0.31447556 | BU2: 0.30479737 | BV2: 0.29827389 | BW2: 0.29489756 | BX2: 0.26644864 | BY2: 0.22551628 | BZ2: 0.29731675 | CA2: 0.31271283 | CB2: 0.30308673 | CC2: 0.29659774 | CD2: 0.29323828 | CE2: 0.26494753 | CF2: 0.22424416 | CG2: 0.29563748 | CH2: 0.31094436 | CI2: 0.30137052 | CJ2: 0.29491613 | CK2: 0.2915736 | CL2: 0.26344154 | CM2: 0.22296791 | CN2: 0.29395276 | CO2: 0.31044925 | CP2: 0.30213066 | CQ2: 0.29687589 | CR2: 0.29471569 | CS2: 0.26737097 | CT2: 0.22721846 | CU2: 0.30077824 | CV2: 0.31763651 | CW2: 0.30910478 | CX2: 0.30370863 | CY2: 0.30147889 | CZ2: 0.27348879 | DA2: 0.23240245 | DB2: 0.30762064 | DC2: 0.32484159 | DD2: 0.31609617 | DE2: 0.31055828 | DF2: 0.30825884 | DG2: 0.27962176 | DH2: 0.23759927 | DI2: 0.31447997 | DJ2: 0.33206448 | DK2: 0.32310484 | DL2: 0.31742486 | DM2: 0.31505553 | DN2: 0.28576987 | DO2: 0.24280891 | DP2: 0.32135622 | DQ2: 0.33930519 | DR2: 0.3301308 | DS2: 0.32606686 | DT2: 0.32534959 | DU2: 0.29665506 | DV2: 0.25336538 | DW2: 0.33704845 | DX2: 0.35768037 | DY2: 0.34975674 | DZ2: 0.34529517 | EA2: 0.34438243 | EB2: 0.31387189 | EC2: 0.26795437 | ED2: 0.35630483 | EE2: 0.37795763 | EF2: 0.36943284 | EG2: 0.3645726 | EH2: 0.36346389 | EI2: 0.33113268 | EJ2: 0.28258059 | EK2: 0.37561033 | EL2: 0.3982866 | EM2: 0.38915912 | EN2: 0.38389916 | EO2: 0.38259396 | EP2: 0.34843742 | EQ2: 0.29724405 | ER2: 0.39496497 | ES2: 0.41866729 | ET2: 0.40893555 | EU2: 0.40327486 | EV2: 0.40177265 | EW2: 0.36578613 | EX2: 0.31154336 | EY2: 0.41330933 | EZ2: 0.43742664 | FA2: 0.42659793 | FB2: 0.42004968 | FC2: 0.41785283 | FD2: 0.37985809 | FE2: 0.32346742 | FF2: 0.4290481 | FG2: 0.4539997 | FH2: 0.44267956 | FI2: 0.43580537 | FJ2: 0.43344826 | FK2: 0.39396538 | FL2: 0.3354214 | FM2: 0.44482635 | FN2: 0.47061433 | FO2: 0.4588015 | FP2: 0.45160055 | FQ2: 0.44908275 | FR2: 0.408108 | FS2: 0.3474053 | FT2: 0.46064409 | FU2: 0.48727052 | FV2: 0.47496377 | FW2: 0.46743521 | FX2: 0.46475632 | FY2: 0.42228595 | FZ2: 0.35941914 | GA2: 0.47650132 | GB2: 0.50103841 | GC2: 0.48548137 | GD2: 0.47495617 | GE2: 0.46944656 | GF2: 0.42403811 | GG2: 0.35879419 | GH2: 0.47289284 | GI2: 0.49723837 | GJ2: 0.48179373 | GK2: 0.47134301 | GL2: 0.46586989 | GM2: 0.42080249 | GN2: 0.35605225 | GO2: 0.46927344 | GP2: 0.49342683 | GQ2: 0.47809495 | GR2: 0.46771893 | GS2: 0.46228241 | GT2: 0.41755711 | GU2: 0.35330204 | GV2: 0.46564312 | GW2: 0.48960381 | GX2: 0.47438502 | GY2: 0.46408393 | GZ2: 0.45868414 | HA2: 0.41430195 | HB2: 0.35054354 | HC2: 0.46200189 | HD2: 0.48576928 | HE2: 0.47066394 | HF2: 0.46043802 | HG2: 0.45537504 | HH2: 0.41157965 | HI2: 0.34846636 | HJ2: 0.4595631 | HK2: 0.4835201 | HL2: 0.46879077 | HM2: 0.45890575 | HN2: 0.45385813 | HO2: 0.41020727 | HP2: 0.34730329 | HQ2: 0.45802771 | HR2: 0.48190308 | HS2: 0.46722146 | HT2: 0.45736802 | HU2: 0.45233582 | HV2: 0.40883002 | HW2: 0.34613608 | HX2: 0.45648687 | HY2: 0.48028032 | HZ2: 0.46564658 | IA2: 0.45582483 | IB2: 0.4508081 | IC2: 0.40744788 | ID2: 0.34496473 | IE2: 0.45494056 | IF2: 0.47865181 | IG2: 0.46406613 | IH2: 0.45427619 | II2: 0.44927499 | IJ2: 0.40606085 | IK2: 0.34378925 | IL2: 0.45243344 | IM2: 0.4750059 | IN2: 0.45955262 | IO2: 0.44889856 | IP2: 0.44300651 | IQ2: 0.39953549 | IR2: 0.33753564 | IS2: 0.44417893 | IT2: 0.46631355 | IU2: 0.45111775 | IV2: 0.44063438 | IW2: 0.43482613 | IX2: 0.39213546 | IY2: 0.33126494 | IZ2: 0.43590186 | JA2: 0.45759745 | JB2: 0.44265985 | JC2: 0.43234764 | JD2: 0.42662343 | JE2: 0.38471524 | JF2: 0.32497713 | JG2: 0.42760222 | JH2: 0.4488576 | JI2: 0.4341789 | JJ2: 0.42403833 | JK2: 0.4183984 | JL2: 0.37727483 | JM2: 0.31867222 | JN2: 0.41928003 | JO2: 0.440094 | JP2: 0.42477757 | JQ2: 0.41394846 | JR2: 0.40754132 | JS2: 0.36666718 | JT2: 0.30901744 | JU2: 0.40565742 | JV2: 0.42482391 | JW2: 0.40996001 | JX2: 0.39943095 | JY2: 0.39317123 | JZ2: 0.35366807 | KA2: 0.29800229 | KB2: 0.39111808 | KC2: 0.40951359 | KD2: 0.39510343 | KE2: 0.38487524 | KF2: 0.37876333 | KG2: 0.34063476 | KH2: 0.28695818 | KI2: 0.37654053 | KJ2: 0.39416305 | KK2: 0.38020783 | KL2: 0.37028131 | KM2: 0.36431762 | KN2: 0.32756727 | KO2: 0.27588511 | KP2: 0.36192476 | KQ2: 0.37877229 | KR2: 0.36527322 | KS2: 0.35564917 | KT2: 0.3498341 | KU2: 0.31668156 | KV2: 0.26853786 | KW2: 0.35470349 | KX2: 0.37377506 | KY2: 0.3629528 | KZ2: 0.35585228 | LA2: 0.35248559 | LB2: 0.3190799 | LC2: 0.27057001 | LD2: 0.3573856 | LE2: 0.37659918 | LF2: 0.36569302 | LG2: 0.35853681 | LH2: 0.35514266 | LI2: 0.32148329 | LJ2: 0.27260643 | LK2: 0.36007336 | LL2: 0.37942924 | LM2: 0.368439 | LN2: 0.36122698 | LO2: 0.35780531 | LP2: 0.32389172 | LQ2: 0.27464713 | LR2: 0.36276675 | LS2: 0.38226524 | LT2: 0.37119074 | LU2: 0.36392279 | LV2: 0.36047354 | LW2: 0.32630521 | LX2: 0.27669211 | LY2: 0.36328566 | LZ2: 0.38051661 | MA2: 0.36726777 | MB2: 0.35789903 | MC2: 0.35235371 | MD2: 0.31700938 | ME2: 0.26716274 | MF2: 0.3507075 | MG2: 0.36727153 | MH2: 0.35441526 | MI2: 0.34530684 | MJ2: 0.33988944 | MK2: 0.30573431 | ML2: 0.25760854 | MM2: 0.33809659 | MN2: 0.35399196 | MO2: 0.3415293 | MP2: 0.33268189 | MQ2: 0.32739275 | MR2: 0.29442993 | MS2: 0.24802952 | MT2: 0.32545293 | MU2: 0.34067792 | MV2: 0.3286099 | MW2: 0.32002419 | MX2: 0.31486366 | MY2: 0.28309625 | MZ2: 0.23842568 | NA2: 0.32923844 | NB2: 0.31096293
A3: 0.27086868 | B3: 0.2854861 | C3: 0.27727197 | D3: 0.27189836 | E3: 0.26937611 | F3: 0.24389218 | G3: 0.20685149 | H3: 0.27327284 | I3: 0.28801761 | J3: 0.27972833 | K3: 0.27430486 | L3: 0.27175805 | M3: 0.24604676 | N3: 0.20867713 | O3: 0.27568245 | P3: 0.29055487 | Q3: 0.28219027 | R3: 0.27671681 | S3: 0.27414538 | T3: 0.24820621 | U3: 0.21050691 | V3: 0.27809752 | W3: 0.29309787 | X3: 0.28465778 | Y3: 0.27913423 | Z3: 0.27653812 | AA3: 0.25037056 | AB3: 0.21234083 | AC3: 0.28051806 | AD3: 0.29564662 | AE3: 0.28713086 | AF3: 0.2815571 | AG3: 0.27833636 | AH3: 0.25145465 | AI3: 0.21279986 | AJ3: 0.28051751 | AK3: 0.2950077 | AL3: 0.28589168 | AM3: 0.27973657 | AN3: 0.27653417 | AO3: 0.24982426 | AP3: 0.2114182 | AQ3: 0.27869365 | AR3: 0.29308698 | AS3: 0.28402772 | AT3: 0.27791021 | AU3: 0.27472621 | AV3: 0.24818866 | AW3: 0.21003211 | AX3: 0.27686396 | AY3: 0.2911601 | AZ3: 0.2821578 | BA3: 0.27607802 | BB3: 0.27291248 | BC3: 0.24654783 | BD3: 0.2086416 | BE3: 0.27502843 | BF3: 0.28922709 | BG3: 0.28028193 | BH3: 0.27423999 | BI3: 0.27109297 | BJ3: 0.24518361 | BK3: 0.2077242 | BL3: 0.27413235 | BM3: 0.2886149 | BN3: 0.28000934 | BO3: 0.27428776 | BP3: 0.27145178 | BQ3: 0.24550807 | BR3: 0.20799904 | BS3: 0.27449498 | BT3: 0.28899661 | BU3: 0.28037961 | BV3: 0.27465039 | BW3: 0.27181059 | BX3: 0.24583253 | BY3: 0.20827387 | BZ3: 0.27485761 | CA3: 0.28937833 | CB3: 0.28074987 | CC3: 0.27501302 | CD3: 0.27216941 | CE3: 0.24615698 | CF3: 0.20854871 | CG3: 0.27522024 | CH3: 0.28976004 | CI3: 0.28112014 | CJ3: 0.27537565 | CK3: 0.27252822 | CL3: 0.24648144 | CM3: 0.20882354 | CN3: 0.27558287 | CO3: 0.29143128 | CP3: 0.28399254 | CQ3: 0.27941479 | CR3: 0.27773836 | CS3: 0.25229048 | CT3: 0.21467433 | CU3: 0.28453047 | CV3: 0.3008532 | CW3: 0.29313509 | CX3: 0.28837206 | CY3: 0.28660453 | CZ3: 0.26031064 | DA3: 0.22147033 | DB3: 0.29350063 | DC3: 0.31029887 | DD3: 0.30230068 | DE3: 0.2973519 | DF3: 0.29549303 | DG3: 0.268351 | DH3: 0.22828343 | DI3: 0.30249336 | DJ3: 0.31976829 | DK3: 0.31148932 | DL3: 0.30635429 | DM3: 0.30440385 | DN3: 0.27641155 | DO3: 0.23511363 | DP3: 0.31150865 | DQ3: 0.32926147 | DR3: 0.32070098 | DS3: 0.31623367 | DT3: 0.31502817 | DU3: 0.28678657 | DV3: 0.24455261 | DW3: 0.32482179 | DX3: 0.34417975 | DY3: 0.33604937 | DZ3: 0.33127106 | EA3: 0.32991267 | EB3: 0.30025085 | EC3: 0.25596178 | ED3: 0.33988101 | EE3: 0.36003731 | EF3: 0.35143678 | EG3: 0.34634666 | EH3: 0.34483498 | EI3: 0.31374931 | EJ3: 0.26739991 | EK3: 0.35497844 | EL3: 0.37593509 | EM3: 0.36686321 | EN3: 0.36146047 | EO3: 0.3597951 | EP3: 0.32728196 | EQ3: 0.278867 | ER3: 0.37011409 | ES3: 0.3918731 | ET3: 0.38232865 | EU3: 0.3766125 | EV3: 0.37479303 | EW3: 0.34084881 | EX3: 0.29041607 | EY3: 0.38542788 | EZ3: 0.40807231 | FA3: 0.39811895 | FB3: 0.39215274 | FC3: 0.39024443 | FD3: 0.35488843 | FE3: 0.30231273 | FF3: 0.4011305 | FG3: 0.42460732 | FH3: 0.41416367 | FI3: 0.40787228 | FJ3: 0.40580409 | FK3: 0.36896338 | FL3: 0.31423931 | FM3: 0.41687261 | FN3: 0.4411839 | FO3: 0.43024871 | FP3: 0.42363131 | FQ3: 0.42140282 | FR3: 0.38307366 | FS3: 0.32619583 | FT3: 0.4326542 | FU3: 0.45780204 | FV3: 0.44637407 | FW3: 0.43942983 | FX3: 0.43704062 | FY3: 0.39721927 | FZ3: 0.33818227 | GA3: 0.44847529 | GB3: 0.47184918 | GC3: 0.45747043 | GD3: 0.44781926 | GE3: 0.44288878 | GF3: 0.40028858 | GG3: 0.3389019 | GH3: 0.446943 | GI3: 0.47023543 | GJ3: 0.45590429 | GK3: 0.44628464 | GL3: 0.44136954 | GM3: 0.3989141 | GN3: 0.33773705 | GO3: 0.44540526 | GP3: 0.46861593 | GQ3: 0.45433258 | GR3: 0.44474455 | GS3: 0.43984489 | GT3: 0.39753473 | GU3: 0.33656805 | GV3: 0.44386205 | GW3: 0.46699069 | GX3: 0.4527553 | GY3: 0.44319901 | GZ3: 0.43831485 | HA3: 0.39615049 | HB3: 0.33539492 | HC3: 0.44231339 | HD3: 0.46535969 | HE3: 0.45117244 | HF3: 0.44164801 | HG3: 0.4367794 | HH3: 0.39476135 | HI3: 0.33421765 | HJ3: 0.44075927 | HK3: 0.46372296 | HL3: 0.44958401 | HM3: 0.44009155 | HN3: 0.43523856 | HO3: 0.39336733 | HP3: 0.33303625 | HQ3: 0.43919969 | HR3: 0.46208047 | HS3: 0.44799 | HT3: 0.43852963 | HU3: 0.43369231 | HV3: 0.39196843 | HW3: 0.3318507 | HX3: 0.43763465 | HY3: 0.46043224 | HZ3: 0.44639042 | IA3: 0.43696225 | IB3: 0.43214066 | IC3: 0.39056465 | ID3: 0.33066102 | IE3: 0.43606416 | IF3: 0.45877827 | IG3: 0.44478527 | IH3: 0.43538942 | II3: 0.4305836 | IJ3: 0.38915598 | IK3: 0.3294672 | IL3: 0.43353284 | IM3: 0.45510688 | IN3: 0.44024704 | IO3: 0.42998756 | IP3: 0.42429115 | IQ3: 0.38260893 | IR3: 0.32319523 | IS3: 0.42525408 | IT3: 0.44638902 | IU3: 0.43178742 | IV3: 0.42169914 | IW3: 0.41608678 | IX3: 0.37518721 | IY3: 0.31690615 | IZ3: 0.41695277 | JA3: 0.4376474 | JB3: 0.42330476 | JC3: 0.41338816 | JD3: 0.4078601 | JE3: 0.36774529 | JF3: 0.31059997 | JG3: 0.40862889 | JH3: 0.42888203 | JI3: 0.41479906 | JJ3: 0.40505461 | JK3: 0.39961108 | JL3: 0.36028319 | JM3: 0.30427669 | JN3: 0.40028245 | JO3: 0.42009291 | JP3: 0.40537297 | JQ3: 0.39494048 | JR3: 0.38873 | JS3: 0.34965384 | JT3: 0.29460351 | JU3: 0.38663556 | JV3: 0.40479725 | JW3: 0.3905306 | JX3: 0.38039869 | JY3: 0.37433587 | JZ3: 0.33663299 | KA3: 0.28356995 | KB3: 0.37207194 | KC3: 0.38946137 | KD3: 0.37564923 | KE3: 0.36581868 | KF3: 0.35990394 | KG3: 0.32357795 | KH3: 0.27250743 | KI3: 0.35747009 | KJ3: 0.37408526 | KK3: 0.36072883 | KL3: 0.35120046 | KM3: 0.3454342 | KN3: 0.31048873 | KO3: 0.26141594 | KP3: 0.34283004 | KQ3: 0.35866893 | KR3: 0.34576942 | KS3: 0.33654403 | KT3: 0.33092664 | KU3: 0.2995813 | KV3: 0.25405032 | KW3: 0.33558453 | KX3: 0.35364621 | KY3: 0.34342429 | KZ3: 0.33672297 | LA3: 0.33355422 | LB3: 0.30195802 | LC3: 0.25606416 | LD3: 0.33824249 | LE3: 0.3564449 | LF3: 0.34613984 | LG3: 0.33938334 | LH3: 0.33618739 | LI3: 0.3043398 | LJ3: 0.25808227 | LK3: 0.34090608 | LL3: 0.35924953 | LM3: 0.34886116 | LN3: 0.34204935 | LO3: 0.33882614 | LP3: 0.30672662 | LQ3: 0.26010466 | LR3: 0.34357532 | LS3: 0.3620601 | LT3: 0.35158823 | LU3: 0.344721 | LV3: 0.34147046 | LW3: 0.30911849 | LX3: 0.26213133 | LY3: 0.34407005 | LZ3: 0.36028601 | MA3: 0.34764055 | MB3: 0.33867302 | MC3: 0.33332665 | MD3: 0.29980096 | ME3: 0.25258356 | MF3: 0.33146762 | MG3: 0.34701537 | MH3: 0.33476325 | MI3: 0.32605656 | MJ3: 0.32083836 | MK3: 0.28850417 | ML3: 0.24301097 | MM3: 0.31883244 | MN3: 0.33371026 | MO3: 0.32185251 | MP3: 0.31340734 | MQ3: 0.30831766 | MR3: 0.27717807 | MS3: 0.23341355 | MT3: 0.30616451 | MU3: 0.32037066 | MV3: 0.30890833 | MW3: 0.30072537 | MX3: 0.29576455 | MY3: 0.26582267 | MZ3: 0.22379132 | NA3: 0.30890928 | NB3: 0.29164676
A4: 0.26184181 | B4: 0.27628897 | C4: 0.26864655 | D4: 0.2637406 | E4: 0.26159109 | F4: 0.23711204 | G4: 0.20132821 | H4: 0.26627544 | I4: 0.28095758 | J4: 0.2731767 | K4: 0.26817891 | L4: 0.26598422 | M4: 0.24108595 | N4: 0.20469553 | O4: 0.27071998 | P4: 0.28563769 | Q4: 0.277718 | R4: 0.27262813 | S4: 0.27038815 | T4: 0.24506962 | U4: 0.20807112 | V4: 0.27517544 | W4: 0.29032929 | X4: 0.28227045 | Y4: 0.27708827 | Z4: 0.27480289 | AA4: 0.24906306 | AB4: 0.21145498 | AC4: 0.27964182 | AD4: 0.29503239 | AE4: 0.28683404 | AF4: 0.28155933 | AG4: 0.27802861 | AH4: 0.25089597 | AI4: 0.21208904 | AJ4: 0.27926601 | AK4: 0.2933601 | AL4: 0.28397304 | AM4: 0.27754353 | AN4: 0.27405343 | AO4: 0.24729991 | AP4: 0.20904169 | AQ4: 0.27524354 | AR4: 0.28912416 | AS4: 0.27986248 | AT4: 0.27351606 | AU4: 0.2700667 | AV4: 0.24369339 | AW4: 0.2059855 | AX4: 0.2712094 | AY4: 0.28487594 | AZ4: 0.27574001 | BA4: 0.26947691 | BB4: 0.26606842 | BC4: 0.24007644 | BD4: 0.20292046 | BE4: 0.26716359 | BF4: 0.28061544 | BG4: 0.27160562 | BH4: 0.2654261 | BI4: 0.2620586 | BJ4: 0.23701269 | BK4: 0.20080164 | BL4: 0.26499669 | BM4: 0.2789966 | BN4: 0.27067783 | BO4: 0.26514692 | BP4: 0.26240545 | BQ4: 0.23732633 | BR4: 0.20106732 | BS4: 0.26534723 | BT4: 0.27936559 | BU4: 0.27103575 | BV4: 0.26549746 | BW4: 0.2627523 | BX4: 0.23763997 | BY4: 0.20133299 | BZ4: 0.26569777 | CA4: 0.27973458 | CB4: 0.27139367 | CC4: 0.26584801 | CD4: 0.26309916 | CE4: 0.23795362 | CF4: 0.20159866 | CG4: 0.26604832 | CH4: 0.28010357 | CI4: 0.2717516 | CJ4: 0.26619855 | CK4: 0.26344601 | CL4: 0.23826726 | CM4: 0.20186434 | CN4: 0.26639886 | CO4: 0.28176209 | CP4: 0.27461167 | CQ4: 0.27022563 | CR4: 0.26864422 | CS4: 0.24406552 | CT4: 0.20770601 | CU4: 0.27533444 | CV4: 0.29117136 | CW4: 0.28374195 | CX4: 0.27917088 | CY4: 0.2774985 | CZ4: 0.25207494 | DA4: 0.2144929 | DB4: 0.28429258 | DC4: 0.30060438 | DD4: 0.29289527 | DE4: 0.28813869 | DF4: 0.28637511 | DG4: 0.26010454 | DH4: 0.22129689 | DI4: 0.29327329 | DJ4: 0.31006115 | DK4: 0.30207163 | DL4: 0.29712907 | DM4: 0.29527404 | DN4: 0.26815433 | DO4: 0.22811798 | DP4: 0.30227656 | DQ4: 0.31954167 | DR4: 0.31127103 | DS4: 0.30729449 | DT4: 0.30647642 | DU4: 0.27931896 | DV4: 0.23845196 | DW4: 0.3170691 | DX4: 0.33633155 | DY4: 0.32873989 | DZ4: 0.32440941 | EA4: 0.32341735 | EB4: 0.29464347 | EC4: 0.25143745 | ED4: 0.33420897 | EE4: 0.35438009 | EF4: 0.34625334 | EG4: 0.34156799 | EH4: 0.34040149 | EI4: 0.31000705 | EJ4: 0.26445603 | EK4: 0.35139251 | EL4: 0.3724746 | EM4: 0.36381138 | EN4: 0.35877025 | EO4: 0.35742885 | EP4: 0.32540971 | EQ4: 0.27750772 | ER4: 0.36861972 | ES4: 0.39061507 | ET4: 0.38141401 | EU4: 0.37601619 | EV4: 0.37449942 | EW4: 0.34085145 | EX4: 0.29018354 | EY4: 0.3848112 | EZ4: 0.40709687 | FA4: 0.39685614 | FB4: 0.39060575 | FC4: 0.38840666 | FD4: 0.35294884 | FE4: 0.30043441 | FF4: 0.39834149 | FG4: 0.42134437 | FH4: 0.41068115 | FI4: 0.40415054 | FJ4: 0.40181366 | FK4: 0.36507652 | FL4: 0.31071094 | FM4: 0.41190562 | FN4: 0.43562749 | FO4: 0.42454072 | FP4: 0.41772919 | FQ4: 0.41525416 | FR4: 0.37723449 | FS4: 0.32101311 | FT4: 0.4255036 | FU4: 0.44994625 | FV4: 0.43843485 | FW4: 0.43134167 | FX4: 0.42872814 | FY4: 0.38942273 | FZ4: 0.33134093 | GA4: 0.43913543 | GB4: 0.46201594 | GC4: 0.44793041 | GD4: 0.43847422 | GE4: 0.4336404 | GF4: 0.39192413 | GG4: 0.33181541 | GH4: 0.43759104 | GI4: 0.46038944 | GJ4: 0.44635192 | GK4: 0.43692749 | GL4: 0.43210918 | GM4: 0.39053882 | GN4: 0.33064138 | GO4: 0.4360412 | GP4: 0.4587572 | GQ4: 0.44476785 | GR4: 0.4353753 | GS4: 0.43057256 | GT4: 0.38914863 | GU4: 0.32946322 | GV4: 0.43448589 | GW4: 0.45711922 | GX4: 0.44317821 | GY4: 0.43381766 | GZ4: 0.42903054 | HA4: 0.38775355 | HB4: 0.32828091 | HC4: 0.43292512 | HD4: 0.45547549 | HE4: 0.44158299 | HF4: 0.43225455 | HG4: 0.4277831 | HH4: 0.38689622 | HI4: 0.32778406 | HJ4: 0.43257229 | HK4: 0.45542286 | HL4: 0.44184128 | HM4: 0.43281059 | HN4: 0.42833328 | HO4: 0.38739372 | HP4: 0.32820547 | HQ4: 0.43312832 | HR4: 0.45600816 | HS4: 0.44240902 | HT4: 0.43336662 | HU4: 0.42888346 | HV4: 0.38789122 | HW4: 0.32862688 | HX4: 0.43368435 | HY4: 0.45659346 | HZ4: 0.44297676 | IA4: 0.43392265 | IB4: 0.42943364 | IC4: 0.38838873 | ID4: 0.3290483 | IE4: 0.43424038 | IF4: 0.45717875 | IG4: 0.4435445 | IH4: 0.43447868 | II4: 0.42998382 | IJ4: 0.38888623 | IK4: 0.32946971 | IL4: 0.43353614 | IM4: 0.45511035 | IN4: 0.44025039 | IO4: 0.42999083 | IP4: 0.42429438 | IQ4: 0.38261184 | IR4: 0.32319768 | IS4: 0.42525732 | IT4: 0.44639241 | IU4: 0.4317907 | IV4: 0.42170235 | IW4: 0.41608995 | IX4: 0.37519006 | IY4: 0.31690855 | IZ4: 0.41695594 | JA4: 0.43765072 | JB4: 0.42330797 | JC4: 0.41339129 | JD4: 0.40786319 | JE4: 0.36774808 | JF4: 0.31060232 | JG4: 0.40863199 | JH4: 0.42888528 | JI4: 0.4148022 | JJ4: 0.40505768 | JK4: 0.39961411 | JL4: 0.36028592 | JM4: 0.30427899 | JN4: 0.40028548 | JO4: 0.42009609 | JP4: 0.405063 | JQ4: 0.39433021 | JR4: 0.38782256 | JS4: 0.34855866 | JT4: 0.29344313 | JU4: 0.38479735 | JV4: 0.40253886 | JW4: 0.38802612 | JX4: 0.37763836 | JY4: 0.37130024 | JZ4: 0.33361268 | KA4: 0.28077828 | KB4: 0.36808055 | KC4: 0.38493565 | KD4: 0.37094464 | KE4: 0.36090284 | KF4: 0.35473471 | KG4: 0.31862763 | KH4: 0.26808033 | KI4: 0.35132008 | KJ4: 0.36728648 | KK4: 0.35381858 | KL4: 0.34412365 | KM4: 0.33812597 | KN4: 0.30360351 | KO4: 0.25534928 | KP4: 0.33451593 | KQ4: 0.34959134 | KR4: 0.33664792 | KS4: 0.32730078 | KT4: 0.32147402 | KU4: 0.29131721 | KV4: 0.24729039 | KW4: 0.32698226 | KX4: 0.34492508 | KY4: 0.33528879 | KZ4: 0.32907265 | LA4: 0.32629864 | LB4: 0.29568135 | LC4: 0.25098829 | LD4: 0.33186305 | LE4: 0.35006445 | LF4: 0.34027562 | LG4: 0.33395827 | LH4: 0.33113443 | LI4: 0.30005557 | LJ4: 0.25469474 | LK4: 0.33675512 | LL4: 0.35521569 | LM4: 0.34527397 | LN4: 0.33885517 | LO4: 0.33598138 | LP4: 0.3044399 | LQ4: 0.25840974 | LR4: 0.34165846 | LS4: 0.3603788 | LT4: 0.35028384 | LU4: 0.34376335 | LV4: 0.34083949 | LW4: 0.30883431 | LX4: 0.26213329 | LY4: 0.34376265 | LZ4: 0.35963601 | MA4: 0.3466933 | MB4: 0.33743499 | MC4: 0.33179448 | MD4: 0.29813763 | ME4: 0.25093918 | MF4: 0.32898718 | MG4: 0.34407714 | MH4: 0.33159562 | MI4: 0.32264314 | MJ4: 0.31715293 | MK4: 0.28489305 | ML4: 0.2397161 | MM4: 0.3141735 | MN4: 0.32847804 | MO4: 0.31645892 | MP4: 0.30781308 | MQ4: 0.30247357 | MR4: 0.27161428 | MS4: 0.22846406 | MT4: 0.2993216 | MU4: 0.31283872 | MV4: 0.30128321 | MW4: 0.2929448 | MX4: 0.28775641 | MY4: 0.25830132 | MZ4: 0.21718306 | NA4: 0.29940157 | NB4: 0.28230121
A5: 0.270873 | B5: 0.28549065 | C5: 0.27727639 | D5: 0.2719027 | E5: 0.2693804 | F5: 0.24389606 | G5: 0.20685478 | H5: 0.27327719 | I5: 0.2880222 | J5: 0.27973279 | K5: 0.27430922 | L5: 0.27176237 | M5: 0.24605067 | N5: 0.20868045 | O5: 0.27568683 | P5: 0.29055949 | Q5: 0.28219475 | R5: 0.27672121 | S5: 0.27414974 | T5: 0.24821016 | U5: 0.21051026 | V5: 0.27810194 | W5: 0.29310253 | X5: 0.2846623 | Y5: 0.27913866 | Z5: 0.27654251 | AA5: 0.25037453 | AB5: 0.2123442 | AC5: 0.2805225 | AD5: 0.29565131 | AE5: 0.28713541 | AF5: 0.28156156 | AG5: 0.27834077 | AH5: 0.25145863 | AI5: 0.21280323 | AJ5: 0.28052195 | AK5: 0.29501237 | AL5: 0.2858962 | AM5: 0.279741 | AN5: 0.27653854 | AO5: 0.24982821 | AP5: 0.21142154 | AQ5: 0.27869806 | AR5: 0.29309161 | AS5: 0.28403221 | AT5: 0.27791461 | AU5: 0.27473055 | AV5: 0.24819258 | AW5: 0.21003543 | AX5: 0.27686833 | AY5: 0.2911647 | AZ5: 0.28216226 | BA5: 0.27608238 | BB5: 0.27291678 | BC5: 0.24655172 | BD5: 0.20864489 | BE5: 0.27503277 | BF5: 0.28923165 | BG5: 0.28028635 | BH5: 0.27424431 | BI5: 0.27109724 | BJ5: 0.24492383 | BK5: 0.20728075 | BL5: 0.27325235 | BM5: 0.28737807 | BN5: 0.2785083 | BO5: 0.27252245 | BP5: 0.26941283 | BQ5: 0.2434 | BR5: 0.20598938 | BS5: 0.27154769 | BT5: 0.28558286 | BU5: 0.27676616 | BV5: 0.27081545 | BW5: 0.26772303 | BX5: 0.24187128 | BY5: 0.20469388 | BZ5: 0.26983757 | CA5: 0.28378191 | CB5: 0.27501844 | CC5: 0.26910299 | CD5: 0.26602782 | CE5: 0.24033769 | CF5: 0.20339424 | CG5: 0.26812198 | CH5: 0.28197522 | CI5: 0.27326515 | CJ5: 0.26738506 | CK5: 0.26432721 | CL5: 0.2387992 | CM5: 0.20209047 | CN5: 0.26640094 | CO5: 0.2817643 | CP5: 0.27461382 | CQ5: 0.27022774 | CR5: 0.26864633 | CS5: 0.24406743 | CT5: 0.20770764 | CU5: 0.27533659 | CV5: 0.29117364 | CW5: 0.28374417 | CX5: 0.27917306 | CY5: 0.27750067 | CZ5: 0.2520769 | DA5: 0.21449458 | DB5: 0.2842948 | DC5: 0.30060673 | DD5: 0.29289756 | DE5: 0.28814094 | DF5: 0.28637734 | DG5: 0.26010657 | DH5: 0.22129861 | DI5: 0.29327558 | DJ5: 0.31006357 | DK5: 0.30207399 | DL5: 0.29713139 | DM5: 0.29527634 | DN5: 0.26815642 | DO5: 0.22811975 | DP5: 0.30227892 | DQ5: 0.31954416 | DR5: 0.31127345 | DS5: 0.30670077 | DT5: 0.3052989 | DU5: 0.27772044 | DV5: 0.23664563 | DW5: 0.31408876 | DX5: 0.33256572 | DY5: 0.32447702 | DZ5: 0.31963678 | EA5: 0.31810337 | EB5: 0.28930313 | EC5: 0.2464604 | ED5: 0.32704349 | EE5: 0.3462072 | EF5: 0.33771403 | EG5: 0.33260554 | EH5: 0.33094025 | EI5: 0.30091513 | EJ5: 0.2563 | EK5: 0.34003097 | EL5: 0.35988315 | EM5: 0.35098448 | EN5: 0.34560705 | EO5: 0.34380954 | EP5: 0.31255644 | EQ5: 0.26616441 | ER5: 0.3530512 | ES5: 0.37359358 | ET5: 0.36428838 | EU5: 0.35864132 | EV5: 0.35671123 | EW5: 0.32422706 | EX5: 0.27633388 | EY5: 0.36684379 | EZ5: 0.38850651 | FA5: 0.37913663 | FB5: 0.37355839 | FC5: 0.37184243 | FD5: 0.33824526 | FE5: 0.28821239 | FF5: 0.38252247 | FG5: 0.40501632 | FH5: 0.39515691 | FI5: 0.38925399 | FJ5: 0.3873784 | FK5: 0.35229879 | FL5: 0.30012083 | FM5: 0.39824064 | FN5: 0.4215677 | FO5: 0.41121751 | FP5: 0.40498908 | FQ5: 0.40295344 | FR5: 0.36638765 | FS5: 0.3120592 | FT5: 0.41399829 | FU5: 0.43816064 | FV5: 0.42731842 | FW5: 0.42076366 | FX5: 0.41856755 | FY5: 0.38051184 | FZ5: 0.3240275 | GA5: 0.42979543 | GB5: 0.45218254 | GC5: 0.43839025 | GD5: 0.42912903 | GE5: 0.42439187 | GF5: 0.38355956 | GG5: 0.32472882 | GH5: 0.42823894 | GI5: 0.45054331 | GJ5: 0.4367994 | GK5: 0.4275702 | GL5: 0.42284868 | GM5: 0.38216342 | GN5: 0.32354561 | GO5: 0.42667699 | GP5: 0.44889833 | GQ5: 0.43520297 | GR5: 0.42600591 | GS5: 0.42130008 | GT5: 0.38076239 | GU5: 0.32235827 | GV5: 0.42510958 | GW5: 0.4472476 | GX5: 0.43360097 | GY5: 0.42443616 | GZ5: 0.41974608 | HA5: 0.37935648 | HB5: 0.32116679 | HC5: 0.42353671 | HD5: 0.44559113 | HE5: 0.4319934 | HF5: 0.42286095 | HG5: 0.41878666 | HH5: 0.37903096 | HI5: 0.32135036 | HJ5: 0.42438517 | HK5: 0.44712264 | HL5: 0.43409844 | HM5: 0.42552951 | HN5: 0.4214279 | HO5: 0.38142001 | HP5: 0.32337462 | HQ5: 0.42705685 | HR5: 0.44993575 | HS5: 0.43682795 | HT5: 0.42820353 | HU5: 0.42407454 | HV5: 0.38381395 | HW5: 0.32540302 | HX5: 0.42973399 | HY5: 0.45275461 | HZ5: 0.43956304 | IA5: 0.430883 | IB5: 0.42672658 | IC5: 0.38621277 | ID5: 0.32743555 | IE5: 0.43241658 | IF5: 0.45557921 | IG5: 0.4423037 | IH5: 0.43356793 | II5: 0.42938403 | IJ5: 0.38861648 | IK5: 0.32947222 | IL5: 0.43353944 | IM5: 0.45511381 | IN5: 0.44025374 | IO5: 0.4299941 | IP5: 0.4242976 | IQ5: 0.38261475 | IR5: 0.32320014 | IS5: 0.42526055 | IT5: 0.4463958 | IU5: 0.43179398 | IV5: 0.42170555 | IW5: 0.41609311 | IX5: 0.37519291 | IY5: 0.31691096 | IZ5: 0.4169591 | JA5: 0.43765404 | JB5: 0.42331118 | JC5: 0.41339443 | JD5: 0.40786628 | JE5: 0.36775087 | JF5: 0.31060468 | JG5: 0.40863509 | JH5: 0.42888853 | JI5: 0.41480534 | JJ5: 0.40506075 | JK5: 0.39961714 | JL5: 0.36028865 | JM5: 0.3042813 | JN5: 0.40028852 | JO5: 0.42009927 | JP5: 0.40506607 | JQ5: 0.39433319 | JR5: 0.38782549 | JS5: 0.3485613 | JT5: 0.29344535 | JU5: 0.38480026 | JV5: 0.4025419 | JW5: 0.38802905 | JX5: 0.37764121 | JY5: 0.37130305 | JZ5: 0.33361521 | KA5: 0.2807804 | KB5: 0.36808333 | KC5: 0.38493856 | KD5: 0.37094744 | KE5: 0.36090556 | KF5: 0.35473739 | KG5: 0.31863004 | KH5: 0.26808235 | KI5: 0.35132273 | KJ5: 0.36728925 | KK5: 0.35382124 | KL5: 0.34412624 | KM5: 0.33812852 | KN5: 0.3036058 | KO5: 0.25535121 | KP5: 0.33451845 | KQ5: 0.34959397 | KR5: 0.33665045 | KS5: 0.32730325 | KT5: 0.32147644 | KU5: 0.29131941 | KV5: 0.24729225 | KW5: 0.32698472 | KX5: 0.34492768 | KY5: 0.33529132 | KZ5: 0.32907512 | LA5: 0.32630109 | LB5: 0.29568357 | LC5: 0.25099018 | LD5: 0.33186554 | LE5: 0.35006708 | LF5: 0.34027818 | LG5: 0.33396078 | LH5: 0.33113691 | LI5: 0.30005783 | LJ5: 0.25469665 | LK5: 0.33675764 | LL5: 0.35521835 | LM5: 0.34527656 | LN5: 0.33885771 | LO5: 0.3359839 | LP5: 0.30444218 | LQ5: 0.25841168 | LR5: 0.34166103 | LS5: 0.3603815 | LT5: 0.35028647 | LU5: 0.34376593 | LV5: 0.34084204 | LW5: 0.30883663 | LX5: 0.26213525 | LY5: 0.3440752 | LZ5: 0.3602914 | MA5: 0.34764575 | MB5: 0.33867809 | MC5: 0.33333163 | MD5: 0.29980544 | ME5: 0.25258734 | MF5: 0.33147258 | MG5: 0.34702056 | MH5: 0.33476825 | MI5: 0.32606143 | MJ5: 0.32084315 | MK5: 0.28850848 | ML5: 0.2430146 | MM5: 0.3188372 | MN5: 0.33371524 | MO5: 0.32185731 | MP5: 0.31341202 | MQ5: 0.30832226 | MR5: 0.27718221 | MS5: 0.23341704 | MT5: 0.30616907 | MU5: 0.32037544 | MV5: 0.30891293 | MW5: 0.30072985 | MX5: 0.29576896 | MY5: 0.26582664 | MZ5: 0.22379465 | NA5: 0.30891389 | NB5: 0.29165111
